text;label
–¢–æ–ª—å–∫–æ —Å–µ–≥–æ–¥–Ω—è: –ø–æ–ª—É—á–∏—Ç–µ –¥–æ–ø–æ–ª–Ω–∏—Ç–µ–ª—å–Ω—É—é —Å–∫–∏–¥–∫—É –Ω–∞ –≤—Å—ë –¥–æ 20%.;commercial
–Ø –ª—é–±–ª—é –µ–∑–¥–∏—Ç—å –Ω–∞ –≤–µ–ª–æ—Å–∏–ø–µ–¥–µ –ø–æ –Ω–∞–±–µ—Ä–µ–∂–Ω–æ–π.;non-commercial
–°–µ–≥–æ–¥–Ω—è —è –ø—ã—Ç–∞–ª—Å—è –ø–æ–æ–±—â–∞—Ç—å—Å—è —Å –ø–∞–ª—å–º–æ–π –Ω–æ –æ–Ω–∞ –Ω–µ –ø–æ–Ω—è–ª–∞ –º–µ–Ω—è.;non-commercial
–ú–Ω–µ –∫–∞–∂–µ—Ç—Å—è, —á—Ç–æ –º–æ–∏ –º—ã—Å–ª–∏ —Å–∫—Ä—ã–≤–∞—é—Ç—Å—è –≤ —Ö–æ–ª–æ–¥–∏–ª—å–Ω–∏–∫–µ –∏ –Ω–µ —Ö–æ—Ç—è—Ç –≤—ã—Ö–æ–¥–∏—Ç—å.;non-commercial
–ù–∞ –≤—ã—Ö–æ–¥–Ω—ã—Ö —è –ø–æ–º–æ–≥–∞–ª –¥—Ä—É–∑—å—è–º —Å —Ä–µ–º–æ–Ω—Ç–æ–º –∫–≤–∞—Ä—Ç–∏—Ä—ã.;non-commercial
–Ø —Å–æ–±–∏—Ä–∞—é—Å—å –Ω–∞—á–∞—Ç—å –∑–∞–Ω–∏–º–∞—Ç—å—Å—è —Ñ–∏—Ç–Ω–µ—Å–æ–º —Å –Ω–æ–≤–æ–≥–æ –≥–æ–¥–∞.;non-commercial
–í—á–µ—Ä–∞, 11.12.2024, —è –ø—Ä–æ—á–∏—Ç–∞–ª —É–¥–∏–≤–∏—Ç–µ–ª—å–Ω—É—é –∫–Ω–∏–≥—É.;non-commercial
–ü–æ–ª—É—á–∏—Ç–µ –¥–æ–ø–æ–ª–Ω–∏—Ç–µ–ª—å–Ω—É—é —Å–∫–∏–¥–∫—É –Ω–∞ —Å–ª–µ–¥—É—é—â—É—é –ø–æ–∫—É–ø–∫—É.;commercial
–ù–∞ –≤—ã—Ö–æ–¥–Ω—ã—Ö –º—ã —Ö–æ–¥–∏–ª–∏ –Ω–∞ —Ä—ã–±–∞–ª–∫—É, –ø–æ–π–º–∞–ª–∏ –±–æ–ª—å—à—É—é —Ä—ã–±—É.;non-commercial
–ö—É–ø–∏ –±–∏–ª–µ—Ç –Ω–∞ –∫–æ–Ω—Ü–µ—Ä—Ç –∏ –ø–æ–ª—É—á–∏ –ø–æ–¥–∞—Ä–æ–∫!;commercial
–û–≥—Ä–∞–Ω–∏—á–µ–Ω–Ω–æ–µ –ø—Ä–µ–¥–ª–æ–∂–µ–Ω–∏–µ: —Å–∫–∏–¥–∫–∏ –¥–æ 70% –Ω–∞ –ø–æ–ø—É–ª—è—Ä–Ω—ã–µ –º–æ–¥–µ–ª–∏ —Å–º–∞—Ä—Ç—Ñ–æ–Ω–æ–≤.;commercial
–ú–Ω–µ –Ω—Ä–∞–≤–∏—Ç—Å—è –∏–∑—É—á–∞—Ç—å –∞—Ä—Ö–∏—Ç–µ–∫—Ç—É—Ä—É —Å—Ç–∞—Ä–∏–Ω–Ω—ã—Ö –∑–¥–∞–Ω–∏–π.;non-commercial
–ù–µ —É–ø—É—Å—Ç–∏—Ç–µ –≤–æ–∑–º–æ–∂–Ω–æ—Å—Ç—å! –¢–æ–ª—å–∫–æ —Å–µ–≥–æ–¥–Ω—è —Å–∫–∏–¥–∫–∞ 10% –Ω–∞ –≤—Å–µ —Ç–æ–≤–∞—Ä—ã.;commercial
–ú–æ–π —Ö–æ–ª–æ–¥–∏–ª—å–Ω–∏–∫ —Ç–µ–ø–µ—Ä—å –ª—É—á—à–∏–π –¥—Ä—É–≥, –º—ã —Å –Ω–∏–º –æ–±—Å—É–∂–¥–∞–µ–º —Ñ–∏–ª–æ—Å–æ—Ñ–∏—é –∂–∏–∑–Ω–∏.;non-commercial
–°–∫–∏–¥–∫–∏ —Ç–∞–∫–∏–µ –±–æ–ª—å—à–∏–µ, —á—Ç–æ –º–Ω–µ –ø—Ä–∏—à–ª–æ—Å—å –≤–∑—è—Ç—å –æ—Ç–ø—É—Å–∫, —á—Ç–æ–±—ã –∏—Ö –æ—Å–æ–∑–Ω–∞—Ç—å.;non-commercial
–Ø –ª—é–±–ª—é –ø—É—Ç–µ—à–µ—Å—Ç–≤–æ–≤–∞—Ç—å –ø–æ –†–æ—Å—Å–∏–∏, –æ—Ç–∫—Ä—ã–≤–∞—è –Ω–æ–≤—ã–µ –º–µ—Å—Ç–∞.;non-commercial
–ú–Ω–µ –Ω—Ä–∞–≤–∏—Ç—Å—è —Å–º–æ—Ç—Ä–µ—Ç—å —Å—Ç–∞—Ä—ã–µ —Ñ–∏–ª—å–º—ã –≤ –≤—ã—Ö–æ–¥–Ω—ã–µ.;non-commercial
–ï—Å–ª–∏ –±—ã –º–æ–∂–Ω–æ –±—ã–ª–æ –∫—É–ø–∏—Ç—å —Å—á–∞—Å—Ç—å–µ, —è –±—ã –ø–æ–ø—Ä–æ—Å–∏–ª —Å–∫–∏–¥–∫—É –Ω–∞ –≤–µ—á–Ω–æ—Å—Ç—å.;non-commercial
–ù–∞ –≤—ã—Ö–æ–¥–Ω—ã—Ö —è –∏–∑—É—á–∞–ª –∫–Ω–∏–≥–∏ –æ –ø—Ä–∏—Ä–æ–¥–µ –∏ –∂–∏–≤–æ—Ç–Ω—ã—Ö.;non-commercial
–ë–æ–ª—å—à–∞—è —Ä–∞—Å–ø—Ä–æ–¥–∞–∂–∞ –±—ã—Ç–æ–≤–æ–π —Ç–µ—Ö–Ω–∏–∫–∏ —Ç–æ–ª—å–∫–æ —Å–µ–≥–æ–¥–Ω—è.;commercial
–ú–Ω–µ –Ω—Ä–∞–≤–∏—Ç—Å—è –≤—è–∑–∞—Ç—å —à–∞–ø–∫–∏ –∏ —à–∞—Ä—Ñ—ã —Å–≤–æ–∏–º–∏ —Ä—É–∫–∞–º–∏.;non-commercial
–°–∫–∏–¥–∫–∏ –¥–æ 60% –Ω–∞ —ç–ª–µ–∫—Ç—Ä–æ–Ω–∏–∫—É –∏–∑–≤–µ—Å—Ç–Ω—ã—Ö –±—Ä–µ–Ω–¥–æ–≤!;commercial
–ü–æ–ª—É—á–∏—Ç–µ –∫—ç—à–±—ç–∫ –∑–∞ –ø–æ–∫—É–ø–∫–∏ –≤ –Ω–∞—à–µ–º –º–∞–≥–∞–∑–∏–Ω–µ.;commercial
–Ø —É—á—É—Å—å –∏–≥—Ä–∞—Ç—å –Ω–∞ –ø–∏–∞–Ω–∏–Ω–æ, —ç—Ç–æ —É—Å–ø–æ–∫–∞–∏–≤–∞–µ—Ç.;non-commercial
–ü–ª–∞–Ω–∏—Ä—É—é –ø–æ–π—Ç–∏ –≤ –ø–æ—Ö–æ–¥ 22.07.2024, –∫—Ç–æ —Ö–æ—á–µ—Ç –ø—Ä–∏—Å–æ–µ–¥–∏–Ω–∏—Ç—å—Å—è?;non-commercial
–Ø –Ω–∞—á–∞–ª —É—á–∏—Ç—å –∏—Ç–∞–ª—å—è–Ω—Å–∫–∏–π —è–∑—ã–∫, —á—Ç–æ–±—ã –ø—É—Ç–µ—à–µ—Å—Ç–≤–æ–≤–∞—Ç—å.;non-commercial
–ü–æ—Å–µ—Ç–∏—Ç–µ –Ω–∞—à –≤–µ–±–∏–Ω–∞—Ä –ø–æ –∏–Ω–≤–µ—Å—Ç–∏—Ä–æ–≤–∞–Ω–∏—é, —Ä–µ–≥–∏—Å—Ç—Ä–∞—Ü–∏—è –Ω–∞ finance-webinar.com.;commercial
–Ø –Ω–∞—á–∞–ª –∏–∑—É—á–∞—Ç—å –∏—Å—Ç–æ—Ä–∏—é –¥—Ä–µ–≤–Ω–∏—Ö —Ü–∏–≤–∏–ª–∏–∑–∞—Ü–∏–π.;non-commercial
–£—Ç—Ä–æ–º –≥—É–ª—è–ª —Å —Å–æ–±–∞–∫–æ–π, –≤—Å—Ç—Ä–µ—Ç–∏–ª —Å—Ç–∞—Ä–æ–≥–æ –¥—Ä—É–≥–∞.;non-commercial
–ù–∞ –≤—ã—Ö–æ–¥–Ω—ã—Ö —è –µ–∑–¥–∏–ª –≤ –¥–µ—Ä–µ–≤–Ω—é –∫ –±–∞–±—É—à–∫–µ.;non-commercial
–ï—Å–ª–∏ –±—ã –º–Ω–µ –ø—Ä–µ–¥–ª–æ–∂–∏–ª–∏ —Å–∫–∏–¥–∫—É –Ω–∞ –ª–µ—Ç—É—á–∏–µ –º—ã—à–∏, —è –±—ã –Ω–µ –æ—Ç–∫–∞–∑–∞–ª—Å—è!;commercial
–°–µ–≥–æ–¥–Ω—è —è —Å–Ω–æ–≤–∞ –ø–æ—Ç–µ—Ä—è–ª –Ω–æ—Å–æ–∫, –Ω–æ –∑–∞—Ç–æ –º–∏—Ä —Å—Ç–∞–ª —è—Ä—á–µ.;non-commercial
–ö—É–ø–∏ –æ–¥–∏–Ω —Ç–æ–≤–∞—Ä –∏ –ø–æ–ª—É—á–∏ –≤—Ç–æ—Ä–æ–π —Å–æ —Å–∫–∏–¥–∫–æ–π 30%.;commercial
–ö—É–ø–∏—Ç–µ –Ω–æ–≤—ã–π —Å–º–∞—Ä—Ç—Ñ–æ–Ω –ø–æ –≤—ã–≥–æ–¥–Ω–æ–π —Ü–µ–Ω–µ –Ω–∞ —Å–∞–π—Ç–µ example.com!;commercial
–ú—ã —Å –¥—Ä—É–∑—å—è–º–∏ –∏–≥—Ä–∞–ª–∏ –≤ –±–∞—Å–∫–µ—Ç–±–æ–ª –≤ —Å–ø–æ—Ä—Ç–∑–∞–ª–µ.;non-commercial
–°–∫–∏–¥–∫–∞ 50% —Ç–æ–ª—å–∫–æ –¥–æ 31/12/2024! –£—Å–ø–µ–π—Ç–µ –∫—É–ø–∏—Ç—å.;commercial
–£—Ç—Ä–æ–º –≥—É–ª—è–ª —Å —Å–æ–±–∞–∫–æ–π, –≤—Å—Ç—Ä–µ—Ç–∏–ª —Å—Ç–∞—Ä–æ–≥–æ –¥—Ä—É–≥–∞.;non-commercial
–ü–æ–∫—É–ø–∞–π –±–æ–ª—å—à–µ ‚Äì –ø–ª–∞—Ç–∏ –º–µ–Ω—å—à–µ! –°—É–ø–µ—Ä-–∞–∫—Ü–∏—è –Ω–∞ –ø—Ä–æ–¥—É–∫—Ç—ã.;commercial
–Ø –ª—é–±–ª—é –≥—É–ª—è—Ç—å –ø–æ –Ω–∞–±–µ—Ä–µ–∂–Ω–æ–π –≤–æ –≤—Ä–µ–º—è –∑–∞–∫–∞—Ç–∞.;non-commercial
–£ –º–µ–Ω—è –µ—Å—Ç—å —Å–µ–∫—Ä–µ—Ç: —è –ø–æ–¥—Å—Ç—Ä–∏–≥ –∫–æ—Ç–∞ –≤ —Ñ–æ—Ä–º–µ –∑–≤–µ–∑–¥—ã, —Ç–µ–ø–µ—Ä—å –æ–Ω –∑–≤–µ–∑–¥–∞ –∏–Ω—Ç–µ—Ä–Ω–µ—Ç–∞!;non-commercial
–ü–æ–ª—É—á–∏—Ç–µ –¥–æ–ø–æ–ª–Ω–∏—Ç–µ–ª—å–Ω—É—é —Å–∫–∏–¥–∫—É –ø—Ä–∏ –ø–æ–∫—É–ø–∫–µ –æ—Ç 5000 —Ä—É–±–ª–µ–π.;commercial
–°–∫–∏–¥–∫–∏ –¥–æ 50% –Ω–∞ —Å–ø–æ—Ä—Ç–∏–≤–Ω–æ–µ –æ–±–æ—Ä—É–¥–æ–≤–∞–Ω–∏–µ!;commercial
–ú—ã –≤—á–µ—Ä–∞ –µ–∑–¥–∏–ª–∏ –≤ –ª–µ—Å, —á—Ç–æ–±—ã —Ñ–æ—Ç–æ–≥—Ä–∞—Ñ–∏—Ä–æ–≤–∞—Ç—å –∂–∏–≤–æ—Ç–Ω—ã—Ö.;non-commercial
–í—Ä–µ–º—è –æ–±–Ω–æ–≤–∏—Ç—å –≥–∞—Ä–¥–µ—Ä–æ–±! –°–∫–∏–¥–∫–∏ –Ω–∞ –æ–¥–µ–∂–¥—É –¥–æ 70%.;commercial
–ú–Ω–µ –Ω—Ä–∞–≤–∏—Ç—Å—è —Ö–æ–¥–∏—Ç—å –Ω–∞ –ø—Ä–æ–≥—É–ª–∫–∏ –≤–µ—á–µ—Ä–æ–º.;non-commercial
–Ø —á–∞—Å—Ç–æ —Ö–æ–∂—É –Ω–∞ —ç–∫—Å–∫—É—Ä—Å–∏–∏ –ø–æ —Å–≤–æ–µ–º—É –≥–æ—Ä–æ–¥—É, —á—Ç–æ–±—ã —É–∑–Ω–∞—Ç—å –µ–≥–æ –∏—Å—Ç–æ—Ä–∏—é.;non-commercial
–°–µ–≥–æ–¥–Ω—è —è –Ω–∞—É—á–∏–ª —Å–≤–æ—é —Ç–µ–Ω—å –∫–∞—Ç–∞—Ç—å—Å—è –Ω–∞ —Å–∫–µ–π—Ç–±–æ—Ä–¥–µ, –Ω–æ –æ–Ω–∞ —Ç–∞–∫ –∏ –Ω–µ —Å–º–æ–≥–ª–∞ –ø–æ–Ω—è—Ç—å, –∑–∞—á–µ–º —ç—Ç–æ –Ω—É–∂–Ω–æ.;non-commercial
–í—á–µ—Ä–∞ –º—ã —Å –¥—Ä—É–∑—å—è–º–∏ –∏–≥—Ä–∞–ª–∏ –≤ —Ñ—É—Ç–±–æ–ª –Ω–∞ —Å—Ç–∞–¥–∏–æ–Ω–µ.;non-commercial
–ù–∞ –ø—Ä–æ—à–ª–æ–π –Ω–µ–¥–µ–ª–µ, 5/12/24, —è –ø–æ–ø—Ä–æ–±–æ–≤–∞–ª –Ω–æ–≤—ã–π —Ä–µ—Ü–µ–ø—Ç –ø–∞—Å—Ç—ã.;non-commercial
–ö—É–ø–∏—Ç–µ —Ç–µ–ª–µ–≤–∏–∑–æ—Ä –∏ –ø–æ–ª—É—á–∏—Ç–µ —Å–µ—Ä—Ç–∏—Ñ–∏–∫–∞—Ç –Ω–∞ 1000 —Ä—É–±–ª–µ–π –≤ –ø–æ–¥–∞—Ä–æ–∫.;commercial
–í—á–µ—Ä–∞ —è –≤–µ–ª –ø–µ—Ä–µ–≥–æ–≤–æ—Ä—ã —Å –º—ã–ª—å–Ω—ã–º–∏ –ø—É–∑—ã—Ä—è–º–∏, –æ–Ω–∏ –≤—Å–µ —Å–æ–≥–ª–∞—Å–∏–ª–∏—Å—å –ø–æ–±—ã—Ç—å –Ω–∞ –≤–µ—Ç—Ä—É.;non-commercial
–ù–æ–≤–∏–Ω–∫–∞! –û—Ñ–æ—Ä–º–∏—Ç–µ –ø–æ–¥–ø–∏—Å–∫—É –Ω–∞ –∂—É—Ä–Ω–∞–ª —Å–æ —Å–∫–∏–¥–∫–æ–π –Ω–∞ subs-mag.com.;commercial
–ú–æ—è –∫–æ—à–∫–∞ —É—à–ª–∞ –≤ –∫–æ—Å–º–æ—Å, –∞ —è –æ—Å—Ç–∞–ª—Å—è –∏—Å–∫–∞—Ç—å –∫–ª—é—á–∏ –æ—Ç —Ö–æ–ª–æ–¥–∏–ª—å–Ω–∏–∫–∞.;non-commercial
–ü–æ—Å–µ—Ç–∏—Ç–µ –Ω–∞—à –≤–µ–±–∏–Ω–∞—Ä –ø–æ –∏–Ω–≤–µ—Å—Ç–∏—Ä–æ–≤–∞–Ω–∏—é, —Ä–µ–≥–∏—Å—Ç—Ä–∞—Ü–∏—è –Ω–∞ finance-webinar.com.;commercial
–ú–Ω–µ –Ω—Ä–∞–≤–∏—Ç—Å—è —Ñ–æ—Ç–æ–≥—Ä–∞—Ñ–∏—Ä–æ–≤–∞—Ç—å –∑–∞–∫–∞—Ç—ã, —ç—Ç–æ —É—Å–ø–æ–∫–∞–∏–≤–∞–µ—Ç.;non-commercial
–ù–µ–¥–∞–≤–Ω–æ –Ω–∞—á–∞–ª —É—á–∏—Ç—å –∏—Å–ø–∞–Ω—Å–∫–∏–π, –æ—á–µ–Ω—å –Ω—Ä–∞–≤–∏—Ç—Å—è!;non-commercial
–°–µ–≥–æ–¥–Ω—è —è –ø–æ—Ç–µ—Ä—è–ª —Å–≤–æ—é —Ç–µ–Ω—å. –ù–µ –ø–µ—Ä–µ–∂–∏–≤–∞–π—Ç–µ, –æ–Ω–∞ –≤–µ—Ä–Ω—ë—Ç—Å—è, –∫–∞–∫ —Ç–æ–ª—å–∫–æ —è –Ω–∞–π–¥—É –Ω–æ—Å–∫–∏.;non-commercial
–ü–æ–ª—É—á–∏—Ç–µ –±–µ—Å–ø–ª–∞—Ç–Ω—É—é –∫–æ–Ω—Å—É–ª—å—Ç–∞—Ü–∏—é —É —é—Ä–∏—Å—Ç–∞ –Ω–∞ lawyer-help.com.;commercial
–ê–∫—Ü–∏—è –Ω–µ–¥–µ–ª–∏: —Å–∫–∏–¥–∫–∏ –Ω–∞ —Ç–µ—Ö–Ω–∏–∫—É –¥–æ 30%.;commercial
–°–æ–±–∏—Ä–∞—é—Å—å –Ω–∞ –∫–æ–Ω—Ü–µ—Ä—Ç —Å–≤–æ–µ–π –ª—é–±–∏–º–æ–π –≥—Ä—É–ø–ø—ã –≤ —ç—Ç—É –ø—è—Ç–Ω–∏—Ü—É.;non-commercial
–°–∫–∏–¥–∫–∞ 50% –Ω–∞ —Ç–æ–≤–∞—Ä—ã, –∫–æ—Ç–æ—Ä—ã–µ —Ç–æ–ª—å–∫–æ —á—Ç–æ —Å–æ–∑–¥–∞–ª–∏ –¥–ª—è –º–µ–Ω—è –µ–¥–∏–Ω–æ—Ä–æ–≥–∏.;commercial
–Ø –Ω–∞—á–∞–ª –∏–∑—É—á–∞—Ç—å –∏—Å–ø–∞–Ω—Å–∫–∏–π —è–∑—ã–∫, —ç—Ç–æ –æ—á–µ–Ω—å –∏–Ω—Ç–µ—Ä–µ—Å–Ω–æ.;non-commercial
–†–∞—Å–ø—Ä–æ–¥–∞–∂–∞ –Ω–∞ —Å–∞–π—Ç–µ –∑–∞–∫–∞–Ω—á–∏–≤–∞–µ—Ç—Å—è 15-01-2024, –Ω–µ –ø—Ä–æ–ø—É—Å—Ç–∏—Ç–µ!;commercial
–ù–µ–¥–∞–≤–Ω–æ –Ω–∞—á–∞–ª —É—á–∏—Ç—å –∏—Å–ø–∞–Ω—Å–∫–∏–π, –æ—á–µ–Ω—å –Ω—Ä–∞–≤–∏—Ç—Å—è!;non-commercial
–°–µ–≥–æ–¥–Ω—è —è –≤—Å—Ç—Ä–µ—á–∞—é –¥–æ–∂–¥–µ–≤—ã—Ö —á–µ—Ä–≤–µ–π, –æ–Ω–∏ –ø—Ä–æ–≤–æ–¥—è—Ç —Ç—Ä–µ–Ω–∏—Ä–æ–≤–∫–∏ –ø–æ –π–æ–≥–µ.;commercial
–ù–µ –ø—Ä–æ–ø—É—Å—Ç–∏—Ç–µ –Ω–æ–≤—É—é –∫–æ–ª–ª–µ–∫—Ü–∏—é –≤–µ—Å–Ω–∞-–ª–µ—Ç–æ –ø–æ –≤—ã–≥–æ–¥–Ω—ã–º —Ü–µ–Ω–∞–º!;commercial
–Ø –Ω–∞—à–µ–ª –Ω–æ–≤—ã–π —Ñ–∏–ª—å–º, –∫–æ—Ç–æ—Ä—ã–π —Ö–æ—á—É –ø–æ—Å–º–æ—Ç—Ä–µ—Ç—å —Å–µ–≥–æ–¥–Ω—è –≤–µ—á–µ—Ä–æ–º.;non-commercial
–ù–∏–∫—Ç–æ –Ω–µ –ø–æ–π–º—ë—Ç, –∫–∞–∫ —è —á–∏—Ç–∞–ª –∫–Ω–∏–≥—É –≤ –Ω–µ–≤–∏–¥–∏–º–æ–º –ø–æ–µ–∑–¥–µ, –Ω–æ —Å–∫–∏–¥–∫–∏ –∫—Ä—É—Ç—ã–µ.;commercial
–ù–∞ –≤—ã—Ö–æ–¥–Ω—ã—Ö —è —á–∏—Ç–∞–ª –∫–Ω–∏–≥–∏ –ø–æ –∏—Å—Ç–æ—Ä–∏–∏ –∏—Å–∫—É—Å—Å—Ç–≤–∞.;non-commercial
–ö—É–ø–∏ —Ç—Ä–∏ –≤–µ—â–∏ –∏ –ø–æ–ª—É—á–∏ —á–µ—Ç–≤–µ—Ä—Ç—É—é –≤ –ø–æ–¥–∞—Ä–æ–∫.;commercial
–ü–æ—á–∏–Ω–∏–ª –≤–µ–ª–æ—Å–∏–ø–µ–¥, —Ç–µ–ø–µ—Ä—å –≥–æ—Ç–æ–≤ –∫ –ª–µ—Ç–Ω–∏–º –ø—Ä–æ–≥—É–ª–∫–∞–º!;non-commercial
–ï—Å–ª–∏ –±—ã —è –º–æ–≥ —Å—Ç–∞—Ç—å –¥–µ—Ä–µ–≤–æ–º, —è –±—ã –Ω–µ –ø–µ—Ä–µ–∂–∏–≤–∞–ª, –∫—Ç–æ –∑–∞–±—ã–ª –≤—ã–∫–ª—é—á–∏—Ç—å —Å–≤–µ—Ç.;non-commercial
–ö—É–ø–∏—Ç–µ —Å–º–∞—Ä—Ç—Ñ–æ–Ω –∏ –ø–æ–ª—É—á–∏—Ç–µ –∞–∫—Å–µ—Å—Å—É–∞—Ä—ã –≤ –ø–æ–¥–∞—Ä–æ–∫.;commercial
–ú–Ω–µ –Ω–µ —Ö–≤–∞—Ç–∞–µ—Ç —Ç—Ä—ë—Ö —á–∞—Å–æ–≤ –¥–ª—è —Ç–æ–≥–æ, —á—Ç–æ–±—ã –Ω–∞–π—Ç–∏ —Å–≤–æ–π –ª—é–±–∏–º—ã–π –Ω–æ—Å–æ–∫.;non-commercial
–°–∫–∏–¥–∫–∞ 20% –Ω–∞ –≤–µ—Å—å –∞—Å—Å–æ—Ä—Ç–∏–º–µ–Ω—Ç –≤ –Ω–∞—à–µ–º –∏–Ω—Ç–µ—Ä–Ω–µ—Ç-–º–∞–≥–∞–∑–∏–Ω–µ! –ü–æ–¥—Ä–æ–±–Ω–µ–µ –Ω–∞ shop.com.;commercial
–Ø –ø–æ–≥–æ–≤–æ—Ä–∏–ª —Å —Ü–≤–µ—Ç–∫–æ–º, –∏ —Ç–µ–ø–µ—Ä—å –æ–Ω –Ω–µ —Ö–æ—á–µ—Ç –≤–æ–∑–≤—Ä–∞—â–∞—Ç—å—Å—è –Ω–∞ –∑–µ–º–ª—é.;non-commercial
–í—á–µ—Ä–∞ —è —Ö–æ–¥–∏–ª –≤ –∫–∏–Ω–æ –∏ –ø–æ—Å–º–æ—Ç—Ä–µ–ª –æ—Ç–ª–∏—á–Ω—ã–π —Ñ–∏–ª—å–º.;non-commercial
–ó–∞–±—Ä–æ–Ω–∏—Ä—É–π—Ç–µ –±–∏–ª–µ—Ç—ã –Ω–∞ –∫–æ–Ω—Ü–µ—Ä—Ç –¥–æ 05.03.2024 –Ω–∞ –Ω–∞—à–µ–º —Å–∞–π—Ç–µ.;commercial
–ö–∞–∂–¥—ã–π —Ä–∞–∑, –∫–æ–≥–¥–∞ —è –∑–∞–∫—Ä—ã–≤–∞—é –≥–ª–∞–∑–∞, —è –æ–∫–∞–∑—ã–≤–∞—é—Å—å –≤ –¥—Ä—É–≥–æ–º –º–∏—Ä–µ, –Ω–æ –Ω–µ –ø–æ–º–Ω—é, –∫–∞–∫ —Ç—É–¥–∞ –ø–æ–ø–∞–ª.;non-commercial
–ö–∞–∂–¥—É—é –Ω–µ–¥–µ–ª—é —è —á–∏—Ç–∞—é –Ω–æ–≤—É—é –∫–Ω–∏–≥—É, —á—Ç–æ–±—ã —Ä–∞—Å—à–∏—Ä–∏—Ç—å –∫—Ä—É–≥–æ–∑–æ—Ä.;non-commercial
–ö—É–ø–∏—Ç–µ —ç—Ç–æ—Ç —Ç–æ–≤–∞—Ä, –∏ —è –ø–æ–π–¥—É —Ç–∞–Ω—Ü–µ–≤–∞—Ç—å —Å –ª—É–∂–∞–º–∏ –¥–æ–∂–¥—è.;commercial
–°–∫–∏–¥–∫–∏ –Ω–∞ –≤—Å—é –∫–æ—Å–º–µ—Ç–∏–∫—É —Ç–æ–ª—å–∫–æ —Å–µ–≥–æ–¥–Ω—è!;commercial
–ë–æ–ª—å—à–∞—è —Ä–∞—Å–ø—Ä–æ–¥–∞–∂–∞ –∞–∫—Å–µ—Å—Å—É–∞—Ä–æ–≤ –¥–ª—è –≥–∞–¥–∂–µ—Ç–æ–≤ —Ç–æ–ª—å–∫–æ —Å–µ–≥–æ–¥–Ω—è.;commercial
–ù–æ–≤–∏–Ω–∫–∞! –û—Ñ–æ—Ä–º–∏—Ç–µ –ø–æ–¥–ø–∏—Å–∫—É –Ω–∞ –∂—É—Ä–Ω–∞–ª —Å–æ —Å–∫–∏–¥–∫–æ–π –Ω–∞ subs-mag.com.;commercial
–ö—É–ø–∏—Ç–µ –Ω–∞–±–æ—Ä –∫–∞—Å—Ç—Ä—é–ª—å –∏ –ø–æ–ª—É—á–∏—Ç–µ —Å–∫–æ–≤–æ—Ä–æ–¥—É –≤ –ø–æ–¥–∞—Ä–æ–∫.;commercial
–°–µ–≥–æ–¥–Ω—è –±—ã–ª —É–¥–∏–≤–∏—Ç–µ–ª—å–Ω—ã–π –∑–∞–∫–∞—Ç, –ø–æ–¥–µ–ª–∏–ª—Å—è —Ñ–æ—Ç–æ –≤ –±–ª–æ–≥–µ.;non-commercial
–†–∞—Å–ø—Ä–æ–¥–∞–∂–∞ –º–µ—Å—è—Ü–∞: —Å–∫–∏–¥–∫–∏ –¥–æ 60% –Ω–∞ —ç–ª–µ–∫—Ç—Ä–æ–Ω–∏–∫—É.;commercial
–ö—É–ø–∏—Ç–µ –º–µ–±–µ–ª—å –∏ –ø–æ–ª—É—á–∏—Ç–µ —Å–µ—Ä—Ç–∏—Ñ–∏–∫–∞—Ç –≤ –ø–æ–¥–∞—Ä–æ–∫.;commercial
–û–≥—Ä–∞–Ω–∏—á–µ–Ω–Ω–æ–µ –ø—Ä–µ–¥–ª–æ–∂–µ–Ω–∏–µ: —Ç–æ–ª—å–∫–æ —Å–µ–≥–æ–¥–Ω—è –≤—Å–µ —Ç–æ–≤–∞—Ä—ã —Å–æ —Å–∫–∏–¥–∫–æ–π 50%!;commercial
–°–ø–µ—Ü–∏–∞–ª—å–Ω–æ–µ –ø—Ä–µ–¥–ª–æ–∂–µ–Ω–∏–µ –¥–ª—è –Ω–æ–≤—ã—Ö –∫–ª–∏–µ–Ω—Ç–æ–≤ ‚Äì —Å–∫–∏–¥–∫–∞ 30%.;commercial
–ù–æ–≤–∏–Ω–∫–∞! –û—Ñ–æ—Ä–º–∏—Ç–µ –ø–æ–¥–ø–∏—Å–∫—É –Ω–∞ –∂—É—Ä–Ω–∞–ª —Å–æ —Å–∫–∏–¥–∫–æ–π –Ω–∞ subs-mag.com.;commercial
–ù–µ–¥–∞–≤–Ω–æ –Ω–∞—á–∞–ª —É—á–∏—Ç—å –∏—Å–ø–∞–Ω—Å–∫–∏–π, –æ—á–µ–Ω—å –Ω—Ä–∞–≤–∏—Ç—Å—è!;non-commercial
–ê–∫—Ü–∏—è –¥–µ–π—Å—Ç–≤—É–µ—Ç –¥–æ 20 —Ñ–µ–≤—Ä–∞–ª—è 2024 –≥–æ–¥–∞, –ø–æ–¥—Ä–æ–±–Ω–æ—Å—Ç–∏ –Ω–∞ sale-example.com.;commercial
–ù–∞ –≤—ã—Ö–æ–¥–Ω—ã—Ö —è –≤–∞—Ä–∏–ª –≤–∞—Ä–µ–Ω—å–µ –∏–∑ —è–≥–æ–¥.;non-commercial
–ú—ã –ø—Ä–æ–≤–µ–ª–∏ –≤—ã—Ö–æ–¥–Ω—ã–µ –Ω–∞ –¥–∞—á–µ, –Ω–∞—Å–ª–∞–∂–¥–∞—è—Å—å –ø—Ä–∏—Ä–æ–¥–æ–π.;non-commercial
–ö–∞–∂–¥–æ–µ —É—Ç—Ä–æ —è –≤—ã—Ö–æ–∂—É –Ω–∞ –ø—Ä–æ–±–µ–∂–∫—É, —á—Ç–æ–±—ã –Ω–∞—á–∞—Ç—å –¥–µ–Ω—å –∞–∫—Ç–∏–≤–Ω–æ.;non-commercial
–ü–æ—á–∏–Ω–∏–ª –≤–µ–ª–æ—Å–∏–ø–µ–¥, —Ç–µ–ø–µ—Ä—å –≥–æ—Ç–æ–≤ –∫ –ª–µ—Ç–Ω–∏–º –ø—Ä–æ–≥—É–ª–∫–∞–º!;non-commercial
–ù–µ —É–ø—É—Å—Ç–∏—Ç–µ —à–∞–Ω—Å –ø—Ä–∏–æ–±—Ä–µ—Å—Ç–∏ –Ω–∞—à —ç–∫—Å–∫–ª—é–∑–∏–≤–Ω—ã–π —Ç–æ–≤–∞—Ä –ø–æ —Å–ø–µ—Ü–∏–∞–ª—å–Ω–æ–π —Ü–µ–Ω–µ.;commercial
–Ø –ª—é–±–ª—é –∑–∞–Ω–∏–º–∞—Ç—å—Å—è –π–æ–≥–æ–π –ø–æ —É—Ç—Ä–∞–º, —ç—Ç–æ –ø–æ–º–æ–≥–∞–µ—Ç —Ä–∞—Å—Å–ª–∞–±–∏—Ç—å—Å—è.;non-commercial
–í–æ—Å–ø–æ–ª—å–∑—É–π—Ç–µ—Å—å –ø—Ä–µ–¥–ª–æ–∂–µ–Ω–∏–µ–º: –∫—É–ø–∏—Ç–µ –Ω–æ—É—Ç–±—É–∫ –∏ –ø–æ–ª—É—á–∏—Ç–µ –º—ã—à—å –≤ –ø–æ–¥–∞—Ä–æ–∫.;commercial
–ú–æ–π –∫—Ä–∞–Ω –≥–æ–≤–æ—Ä–∏—Ç –º–Ω–µ, —á—Ç–æ –Ω—É–∂–Ω–æ –±–æ–ª—å—à–µ –º—ë–¥–∞. –î—É–º–∞—é, —ç—Ç–æ –≤–∞–∂–Ω–æ.;non-commercial
–ö—É–ø–∏—Ç–µ –∑–∏–º–Ω—é—é –æ–±—É–≤—å –∏ –ø–æ–ª—É—á–∏—Ç–µ –∞–∫—Å–µ—Å—Å—É–∞—Ä—ã –±–µ—Å–ø–ª–∞—Ç–Ω–æ.;commercial
–ü–ª–∞–Ω–∏—Ä—É—é –Ω–∞—á–∞—Ç—å –≤–µ—Å—Ç–∏ –¥–Ω–µ–≤–Ω–∏–∫ —Å 01.01.2025.;non-commercial
–ù–∞ –≤—ã—Ö–æ–¥–Ω—ã—Ö –º—ã —Ö–æ–¥–∏–ª–∏ –≤ –º—É–∑–µ–π, —ç—Ç–æ –±—ã–ª–æ –∏–Ω—Ç–µ—Ä–µ—Å–Ω–æ.;non-commercial
–ü—Ä–æ–≥—Ä–∞–º–º–∞ –ª–æ—è–ª—å–Ω–æ—Å—Ç–∏ –¥–µ–π—Å—Ç–≤—É–µ—Ç —Ç–æ–ª—å–∫–æ –¥–æ 30-09-2024.;commercial
–ù–µ —É–ø—É—Å—Ç–∏—Ç–µ –º–æ–º–µ–Ω—Ç! –°–∫–∏–¥–∫–∏ –¥–æ 40% –Ω–∞ –ø–æ–ø—É–ª—è—Ä–Ω—ã–µ —Ç–æ–≤–∞—Ä—ã.;commercial
–ü–æ–ª—É—á–∏—Ç–µ –±–µ—Å–ø–ª–∞—Ç–Ω—É—é –∫–æ–Ω—Å—É–ª—å—Ç–∞—Ü–∏—é —É —é—Ä–∏—Å—Ç–∞ –Ω–∞ lawyer-help.com.;commercial
–û–≥—Ä–∞–Ω–∏—á–µ–Ω–Ω–æ–µ –ø—Ä–µ–¥–ª–æ–∂–µ–Ω–∏–µ: —Å–∫–∏–¥–∫–∏ –¥–æ 50% –Ω–∞ –∑–∏–º–Ω—é—é –æ–¥–µ–∂–¥—É.;commercial
–ö—É–ø–∏ –¥–≤–µ –≤–µ—â–∏ –∏ –ø–æ–ª—É—á–∏ —Ç—Ä–µ—Ç—å—é –≤ –ø–æ–¥–∞—Ä–æ–∫!;commercial
–û–≥—Ä–∞–Ω–∏—á–µ–Ω–Ω–æ–µ –ø—Ä–µ–¥–ª–æ–∂–µ–Ω–∏–µ: —Å–∫–∏–¥–∫–∏ –¥–æ 30% –Ω–∞ —Å–ø–æ—Ä—Ç–∏–≤–Ω–æ–µ –æ–±–æ—Ä—É–¥–æ–≤–∞–Ω–∏–µ.;commercial
–°–∫–∏–¥–∫–∏ –¥–æ 50% –Ω–∞ —Ç–µ—Ö–Ω–∏–∫—É –¥–ª—è –¥–æ–º–∞ –∏ –æ—Ñ–∏—Å–∞.;commercial
–ù–µ–¥–∞–≤–Ω–æ –Ω–∞—á–∞–ª —É—á–∏—Ç—å –∏—Å–ø–∞–Ω—Å–∫–∏–π, –æ—á–µ–Ω—å –Ω—Ä–∞–≤–∏—Ç—Å—è!;non-commercial
–ï—Å–ª–∏ –Ω–µ –¥–æ–∂–¥–∞—Ç—å—Å—è –æ—Ç–≤–µ—Ç–∞ –æ—Ç —Ç–µ–ª–µ—Ñ–æ–Ω–∞, —è –Ω–∞—á–Ω—É —Ä–∞–∑–≥–æ–≤–∞—Ä–∏–≤–∞—Ç—å —Å –ø–∏—Ü—Ü–µ–π.;non-commercial
–Ø –ª—é–±–ª—é —Å–ª—É—à–∞—Ç—å –ø–æ–¥–∫–∞—Å—Ç—ã –≤–æ –≤—Ä–µ–º—è –ø—Ä–æ–≥—É–ª–æ–∫.;non-commercial
–ù–∞ –≤—ã—Ö–æ–¥–Ω—ã—Ö —è –≥—É–ª—è–ª –≤–¥–æ–ª—å —Ä–µ–∫–∏ –∏ –Ω–∞—Å–ª–∞–∂–¥–∞–ª—Å—è —Ç–∏—à–∏–Ω–æ–π.;non-commercial
–ú–æ—è —Ç–µ–Ω—å –ø–æ—à–ª–∞ –≤ –æ—Ç–ø—É—Å–∫, –∞ —è –æ—Å—Ç–∞–ª—Å—è –∏—Å–∫–∞—Ç—å, —á—Ç–æ –∂–µ –º–Ω–µ —Å —ç—Ç–∏–º –¥–µ–ª–∞—Ç—å.;commercial
–ê–∫—Ü–∏—è –º–µ—Å—è—Ü–∞: –ø–æ–ª—É—á–∏—Ç–µ —Å–∫–∏–¥–∫—É –¥–æ 30% –Ω–∞ –≤—Å–µ —É—Å–ª—É–≥–∏!;commercial
–ú–Ω–µ –Ω—Ä–∞–≤–∏—Ç—Å—è –∏–∑—É—á–∞—Ç—å –∏—Å—Ç–æ—Ä–∏—é —á–µ—Ä–µ–∑ –¥–æ–∫—É–º–µ–Ω—Ç–∞–ª—å–Ω—ã–µ —Ñ–∏–ª—å–º—ã.;non-commercial
–ú—ã –≤—á–µ—Ä–∞ –∏–≥—Ä–∞–ª–∏ –≤ –Ω–∞—Å—Ç–æ–ª—å–Ω—ã–µ –∏–≥—Ä—ã –≤—Å–µ–π —Å–µ–º—å–µ–π.;non-commercial
–û–±–æ–∂–∞—é —Ö–æ–¥–∏—Ç—å –≤ –≥–æ—Ä—ã, —ç—Ç–æ —Ç–∞–∫ –∑–∞—Ä—è–∂–∞–µ—Ç —ç–Ω–µ—Ä–≥–∏–µ–π.;non-commercial
–Ø —Ä–µ—à–∏–ª –ø–æ–ø—Ä–æ–±–æ–≤–∞—Ç—å –∑–∞–Ω—è—Ç—å—Å—è —Å–∫–∞–ª–æ–ª–∞–∑–∞–Ω–∏–µ–º, —ç—Ç–æ –∏–Ω—Ç–µ—Ä–µ—Å–Ω–æ.;non-commercial
–í—á–µ—Ä–∞ —è —á–∏—Ç–∞–ª –∏–Ω—Ç–µ—Ä–µ—Å–Ω—É—é —Å—Ç–∞—Ç—å—é –æ –∫–æ—Å–º–æ—Å–µ.;non-commercial
–ù–µ –º–æ–≥—É –Ω–∞–π—Ç–∏ —Å–≤–æ–∏ –æ—á–∫–∏, –Ω–æ —ç—Ç–æ –Ω–µ –º–µ—à–∞–µ—Ç –º–Ω–µ –≤–∏–¥–µ—Ç—å, –∫–∞–∫ –ø–ª—ã–≤—É—Ç –æ–±–ª–∞–∫–∞.;non-commercial
–ö—É–ø–∏—Ç–µ –Ω–æ–≤—ã–π —Å–º–∞—Ä—Ç—Ñ–æ–Ω –ø–æ –≤—ã–≥–æ–¥–Ω–æ–π —Ü–µ–Ω–µ –Ω–∞ —Å–∞–π—Ç–µ example.com!;commercial
–í–æ—Å–ø–æ–ª—å–∑—É–π—Ç–µ—Å—å –Ω–∞—à–∏–º –ø—Ä–∏–ª–æ–∂–µ–Ω–∏–µ–º –∏ –ø–æ–ª—É—á–∏—Ç–µ –∫—ç—à–±—ç–∫ –¥–æ 10%!;commercial
–ü–æ—Å–µ—Ç–∏—Ç–µ –Ω–∞—à –≤–µ–±–∏–Ω–∞—Ä –ø–æ –∏–Ω–≤–µ—Å—Ç–∏—Ä–æ–≤–∞–Ω–∏—é, —Ä–µ–≥–∏—Å—Ç—Ä–∞—Ü–∏—è –Ω–∞ finance-webinar.com.;commercial
–ù–µ –º–æ–≥—É –≤—ã–±—Ä–∞—Ç—å, —á—Ç–æ –ª—É—á—à–µ: –∫—É–ø–∏—Ç—å —Ç–æ–≤–∞—Ä –∏–ª–∏ –ø–æ–π—Ç–∏ –≥—É–ª—è—Ç—å —Å –≤–µ—Ç—Ä–æ–º.;commercial
–ú–æ—è –±–∞—Ç–∞—Ä–µ–π–∫–∞ —Å–µ–ª–∞, –∏ —Ç–µ–ø–µ—Ä—å —è –∫–∞–∫ –Ω–µ–ø–æ–ª–Ω–æ—Ü–µ–Ω–Ω—ã–π —Ä–æ–±–æ—Ç –≤ —ç—Ç–æ–º –º–∏—Ä–µ.;non-commercial
–£—Ç—Ä–æ–º —è –±–µ–≥–∞—é –≤ –ø–∞—Ä–∫–µ –∏ —Å–ª—É—à–∞—é –ø–æ–¥–∫–∞—Å—Ç—ã.;non-commercial
–ê–∫—Ü–∏—è –¥–Ω—è: –±–µ—Å–ø–ª–∞—Ç–Ω–∞—è –¥–æ—Å—Ç–∞–≤–∫–∞ –ø—Ä–∏ –∑–∞–∫–∞–∑–µ –æ—Ç 3000 —Ä—É–±–ª–µ–π.;commercial
–ö–∞–∂–¥–æ–µ —É—Ç—Ä–æ —è —Ä–∞–∑–≥–æ–≤–∞—Ä–∏–≤–∞—é —Å —Å–æ–ª–Ω—Ü–µ–º, –Ω–æ –æ–Ω–æ –Ω–∏–∫–æ–≥–¥–∞ –Ω–µ –æ—Ç–≤–µ—á–∞–µ—Ç.;non-commercial
–¢–æ–ª—å–∫–æ –¥–ª—è –≤–∞—Å: —Å–∫–∏–¥–∫–∞ 10% –Ω–∞ –ø–µ—Ä–≤—É—é –ø–æ–∫—É–ø–∫—É!;commercial
–°–µ–≥–æ–¥–Ω—è –±—ã–ª —É–¥–∏–≤–∏—Ç–µ–ª—å–Ω—ã–π –∑–∞–∫–∞—Ç, –ø–æ–¥–µ–ª–∏–ª—Å—è —Ñ–æ—Ç–æ –≤ –±–ª–æ–≥–µ.;non-commercial
–ö–∞–∂–¥—ã–π –≤–µ—á–µ—Ä —è —á–∏—Ç–∞—é –∫–Ω–∏–≥–∏ –ø–µ—Ä–µ–¥ —Å–Ω–æ–º.;non-commercial
–ö—É–ø–∏—Ç–µ –Ω–∞–±–æ—Ä –ø–æ—Å—É–¥—ã –∏ –ø–æ–ª—É—á–∏—Ç–µ –ø–æ–¥–∞—Ä–æ–∫.;commercial
–Ø –∑–∞–ø–∏—Å–∞–ª—Å—è –Ω–∞ –∫—É—Ä—Å –∫—É–ª–∏–Ω–∞—Ä–∏–∏, —á—Ç–æ–±—ã –Ω–∞—É—á–∏—Ç—å—Å—è –≥–æ—Ç–æ–≤–∏—Ç—å –∏—Ç–∞–ª—å—è–Ω—Å–∫–∏–µ –±–ª—é–¥–∞.;non-commercial
–ù–µ –ø—Ä–æ–ø—É—Å—Ç–∏—Ç–µ! –°–∫–∏–¥–∫–∏ –Ω–∞ —Ç–æ–≤–∞—Ä—ã –¥–ª—è –¥–æ–º–∞ –¥–æ 60%.;commercial
–ö—É–ø–∏—Ç–µ —Ç—Ä–∏ —Ç–æ–≤–∞—Ä–∞ –∏ –ø–æ–ª—É—á–∏—Ç–µ —á–µ—Ç–≤—ë—Ä—Ç—ã–π –≤ –ø–æ–¥–∞—Ä–æ–∫.;commercial
–°–µ–≥–æ–¥–Ω—è —è –¥—É–º–∞–ª, —á—Ç–æ –Ω–µ–±–æ ‚Äî —ç—Ç–æ –ø—Ä–æ—Å—Ç–æ –≥–∏–≥–∞–Ω—Ç—Å–∫–∏–π —ç–∫—Ä–∞–Ω –¥–ª—è –º–æ–∏—Ö –º—ã—Å–ª–µ–π.;non-commercial
–Ø –ø–ª–∞–Ω–∏—Ä—É—é –æ—Ç–ø—É—Å–∫ –Ω–∞ —Å–ª–µ–¥—É—é—â–µ–π –Ω–µ–¥–µ–ª–µ.;non-commercial
–°—ç–∫–æ–Ω–æ–º—å—Ç–µ –¥–æ 40% –Ω–∞ –ø–æ–∫—É–ø–∫–µ —Å–º–∞—Ä—Ç—Ñ–æ–Ω–æ–≤.;commercial
–Ø –∏–∑—É—á–∞—é –Ω–æ–≤—É—é —Ç–µ—Ö–Ω–∏–∫—É —Ä–∏—Å–æ–≤–∞–Ω–∏—è, —ç—Ç–æ —É–≤–ª–µ–∫–∞—Ç–µ–ª—å–Ω–æ.;non-commercial
–°–ø–µ—à–∏—Ç–µ! –ê–∫—Ü–∏—è –∑–∞–∫–∞–Ω—á–∏–≤–∞–µ—Ç—Å—è —á–µ—Ä–µ–∑ 24 —á–∞—Å–∞.;commercial
–ú–Ω–µ –Ω—Ä–∞–≤–∏—Ç—Å—è –≥—É–ª—è—Ç—å –Ω–∞ –ø—Ä–∏—Ä–æ–¥–µ –∏ —Å–ª—É—à–∞—Ç—å –ø–µ–Ω–∏–µ –ø—Ç–∏—Ü.;non-commercial
–ù–æ–≤–∏–Ω–∫–∞! –û—Ñ–æ—Ä–º–∏—Ç–µ –ø–æ–¥–ø–∏—Å–∫—É –Ω–∞ –∂—É—Ä–Ω–∞–ª —Å–æ —Å–∫–∏–¥–∫–æ–π –Ω–∞ subs-mag.com.;commercial
–°—ç–∫–æ–Ω–æ–º—å—Ç–µ –¥–æ 70% –Ω–∞ —ç–ª–µ–∫—Ç—Ä–æ–Ω–∏–∫–µ!;commercial
–°–∫–∏–¥–∫–∏ –¥–æ 50% –Ω–∞ —Ç–µ—Ö–Ω–∏–∫—É –∏ —ç–ª–µ–∫—Ç—Ä–æ–Ω–∏–∫—É.;commercial
–°–∫–∏–¥–∫–∞ 20% –Ω–∞ –≤–µ—Å—å –∞—Å—Å–æ—Ä—Ç–∏–º–µ–Ω—Ç –≤ –Ω–∞—à–µ–º –∏–Ω—Ç–µ—Ä–Ω–µ—Ç-–º–∞–≥–∞–∑–∏–Ω–µ! –ü–æ–¥—Ä–æ–±–Ω–µ–µ –Ω–∞ shop.com.;commercial
–°–∫–∏–¥–∫–∏ –¥–æ 30% –Ω–∞ –≤—Å–µ –∏–≥—Ä—É—à–∫–∏ –¥–ª—è –¥–µ—Ç–µ–π.;commercial
–†–∞—Å–ø—Ä–æ–¥–∞–∂–∞ –º–µ–±–µ–ª–∏: —Å–∫–∏–¥–∫–∏ –¥–æ 50%!;commercial
–°–∫–∏–¥–∫–∏ –¥–æ 80% –Ω–∞ —ç–ª–µ–∫—Ç—Ä–æ–Ω–∏–∫—É –∏–∑–≤–µ—Å—Ç–Ω—ã—Ö –±—Ä–µ–Ω–¥–æ–≤!;commercial
–ü–æ—Å–µ—Ç–∏—Ç–µ –Ω–∞—à –≤–µ–±–∏–Ω–∞—Ä –ø–æ –∏–Ω–≤–µ—Å—Ç–∏—Ä–æ–≤–∞–Ω–∏—é, —Ä–µ–≥–∏—Å—Ç—Ä–∞—Ü–∏—è –Ω–∞ finance-webinar.com.;commercial
–ù–∞ –∑–∞–≤—Ç—Ä–∞–∫ —è –µ–ª –∫–Ω–∏–≥—É, –æ–Ω–∞ –±—ã–ª–∞ –≤–∫—É—Å–Ω–∞—è, –Ω–æ —Ç–µ–ø–µ—Ä—å –Ω–µ –ø–æ–º–Ω—é, –æ —á—ë–º –≤ –Ω–µ–π –±—ã–ª–æ –Ω–∞–ø–∏—Å–∞–Ω–æ.;non-commercial
–ú–Ω–µ –Ω—É–∂–Ω–æ –±–æ–ª—å—à–µ –≤—Ä–µ–º–µ–Ω–∏, —á—Ç–æ–±—ã —Å—Ç–∞—Ç—å –º–∞—Å—Ç–µ—Ä–æ–º –ø–æ –ø—Ä–æ—Å–ª—É—à–∏–≤–∞–Ω–∏—é –≤–µ—Ç—Ä–∞.;non-commercial
–Ø –Ω–µ–¥–∞–≤–Ω–æ –Ω–∞—á–∞–ª –±–µ–≥–∞—Ç—å —É—Ç—Ä–æ–º –≤ –ø–∞—Ä–∫–µ.;non-commercial
–ú–Ω–µ –Ω—Ä–∞–≤–∏—Ç—Å—è –∫–∞—Ç–∞—Ç—å—Å—è –Ω–∞ –ª—ã–∂–∞—Ö –∑–∏–º–æ–π.;non-commercial
–ü–æ—á–∏–Ω–∏–ª –≤–µ–ª–æ—Å–∏–ø–µ–¥, —Ç–µ–ø–µ—Ä—å –≥–æ—Ç–æ–≤ –∫ –ª–µ—Ç–Ω–∏–º –ø—Ä–æ–≥—É–ª–∫–∞–º!;non-commercial
–Ø –ø–ª–∞–Ω–∏—Ä—É—é –ø–æ—Å–µ—Ç–∏—Ç—å –º—É–∑–µ–π –∏—Å–∫—É—Å—Å—Ç–≤–∞ –≤ —Å–ª–µ–¥—É—é—â–µ–º –º–µ—Å—è—Ü–µ.;non-commercial
–ß—Ç–æ –±—É–¥–µ—Ç, –µ—Å–ª–∏ –Ω–∞ –º–µ–Ω—è –Ω–∞—Å—Ç—É–ø–∏—Ç —Ç–µ–Ω—å? –Ø –±–æ—é—Å—å —ç—Ç–æ–≥–æ! –ù–æ —Å–∫–∏–¥–∫–∞ —Å–µ–≥–æ–¥–Ω—è —Ö–æ—Ä–æ—à–∞—è.;non-commercial
–Ø, –≤–æ–∑–º–æ–∂–Ω–æ, –µ—â—ë –Ω–µ–º–Ω–æ–≥–æ –ø–æ–ø—å—é —á–∞—é, –∏ —Ç–æ–≥–¥–∞ —Ç–æ—á–Ω–æ –≤—Å—ë —Å—Ç–∞–Ω–µ—Ç –ø–æ–Ω—è—Ç–Ω–æ.;non-commercial
–ú–Ω–µ –Ω—Ä–∞–≤–∏—Ç—Å—è –ø–∏—Å–∞—Ç—å –¥–Ω–µ–≤–Ω–∏–∫, —á—Ç–æ–±—ã –∑–∞–ø–æ–º–∏–Ω–∞—Ç—å –∏–Ω—Ç–µ—Ä–µ—Å–Ω—ã–µ –º–æ–º–µ–Ω—Ç—ã.;non-commercial
–†–∞—Å–ø—Ä–æ–¥–∞–∂–∞ –±—ã—Ç–æ–≤–æ–π —Ç–µ—Ö–Ω–∏–∫–∏: —Å–∫–∏–¥–∫–∏ –¥–æ 50%.;commercial
–Ø –æ–±–æ–∂–∞—é –æ—Å–µ–Ω–Ω–∏–µ –ø—Ä–æ–≥—É–ª–∫–∏ –≤ –ª–µ—Å—É —Å —Å–µ–º—å–µ–π.;non-commercial
–ë–æ–ª—å—à–∞—è —Ä–∞—Å–ø—Ä–æ–¥–∞–∂–∞: —Å–∫–∏–¥–∫–∏ –¥–æ 50% –Ω–∞ —ç–ª–µ–∫—Ç—Ä–æ–Ω–∏–∫—É!;commercial
–ù–∞ –≤—ã—Ö–æ–¥–Ω—ã—Ö —è –∏–≥—Ä–∞–ª –Ω–∞ –≥–∏—Ç–∞—Ä–µ –∏ —Å–æ—á–∏–Ω—è–ª –º—É–∑—ã–∫—É.;non-commercial
–ü–æ—á–µ–º—É –∑–≤–µ–∑–¥—ã –Ω–µ –∑–≤–æ–Ω—è—Ç –º–Ω–µ, —è –∂–µ —Ç–æ–ª—å–∫–æ —Å–ø—Ä–æ—Å–∏–ª, –∫–∞–∫ —É –Ω–∏—Ö –¥–µ–ª–∞.;non-commercial
–ö—É–ø–∏—Ç–µ –ª—é–±–æ–π —Ç–æ–≤–∞—Ä –∏ –ø–æ–ª—É—á–∏—Ç–µ –ø–æ–¥–∞—Ä–æ–∫-—Å—é—Ä–ø—Ä–∏–∑.;commercial
–ù–∞ –≤—ã—Ö–æ–¥–Ω—ã—Ö –º—ã –µ–∑–¥–∏–ª–∏ –≤ –¥–µ—Ä–µ–≤–Ω—é –∫ –¥—Ä—É–∑—å—è–º.;non-commercial
–Ø –ª—é–±–ª—é –≥—É–ª—è—Ç—å —Å –¥—Ä—É–∑—å—è–º–∏ –ø–æ –≤–µ—á–µ—Ä–Ω–µ–º—É –≥–æ—Ä–æ–¥—É.;non-commercial
–Ø –≤—á–µ—Ä–∞ –ø–æ–±—ã–≤–∞–ª –≤ –±–∏–±–ª–∏–æ—Ç–µ–∫–µ, —á—Ç–æ–±—ã –≤–∑—è—Ç—å –Ω–æ–≤—É—é –∫–Ω–∏–≥—É.;non-commercial
–Ø –Ω–∞—á–∞–ª —á–∏—Ç–∞—Ç—å –∫–Ω–∏–≥—É –æ –ø—Å–∏—Ö–æ–ª–æ–≥–∏–∏, —ç—Ç–æ –∏–Ω—Ç–µ—Ä–µ—Å–Ω–æ.;non-commercial
–ö—É–ø–∏—Ç–µ –æ–¥–∏–Ω —Ç–æ–≤–∞—Ä –∏ –ø–æ–ª—É—á–∏—Ç–µ —Ç—Ä–µ—Ç–∏–π, –∫–æ—Ç–æ—Ä—ã–π –±—É–¥–µ—Ç –≤–∞–º —Å–Ω–∏—Ç—å—Å—è –∫–∞–∂–¥—É—é –Ω–æ—á—å.;commercial
–†–∞—Å—Å—Ä–æ—á–∫–∞ 0% –Ω–∞ –≤—Å–µ —Ç–æ–≤–∞—Ä—ã —Ç–æ–ª—å–∫–æ —Å–µ–≥–æ–¥–Ω—è!;commercial
–ú—ã —Å —Å–µ–º—å—ë–π –ø—Ä–æ–≤–µ–ª–∏ –≤–µ—á–µ—Ä –∑–∞ –ø—Ä–æ—Å–º–æ—Ç—Ä–æ–º —Å—Ç–∞—Ä—ã—Ö —Ñ–æ—Ç–æ–≥—Ä–∞—Ñ–∏–π.;non-commercial
–ú–Ω–µ –Ω—Ä–∞–≤–∏—Ç—Å—è —Ö–æ–¥–∏—Ç—å –≤ –º—É–∑–µ–∏ –∏ –∏–∑—É—á–∞—Ç—å –∏—Å–∫—É—Å—Å—Ç–≤–æ.;non-commercial
–ü–æ–ª—É—á–∏—Ç–µ –ø–æ–¥–∞—Ä–æ–∫ –ø—Ä–∏ –ø–æ–∫—É–ø–∫–µ –Ω–∞ —Å—É–º–º—É –æ—Ç 5000 —Ä—É–±–ª–µ–π.;commercial
–ù–∞ –≤—ã—Ö–æ–¥–Ω—ã—Ö –º—ã –∫–∞—Ç–∞–ª–∏—Å—å –Ω–∞ –≤–µ–ª–æ—Å–∏–ø–µ–¥–∞—Ö –≤ –ø–∞—Ä–∫–µ.;non-commercial
–ú–Ω–µ –Ω—É–∂–Ω–æ –±–æ–ª—å—à–µ –∫–∏—Å–ª–æ—Ä–æ–¥–∞, —á—Ç–æ–±—ã –ø–æ–Ω—è—Ç—å, –∫—É–¥–∞ –∏—Å—á–µ–∑ –º–æ–π —á–∞–π–Ω–∏–∫.;non-commercial
–ù–æ–≤–∏–Ω–∫–∞! –û—Ñ–æ—Ä–º–∏—Ç–µ –ø–æ–¥–ø–∏—Å–∫—É –Ω–∞ –∂—É—Ä–Ω–∞–ª —Å–æ —Å–∫–∏–¥–∫–æ–π –Ω–∞ subs-mag.com.;commercial
–ù–∏–∫–æ–≥–¥–∞ –Ω–µ –¥—É–º–∞–ª, —á—Ç–æ —Å–∫–∏–¥–∫–∏ –º–æ–≥—É—Ç –±—ã—Ç—å —Ç–∞–∫–∏–º–∏ –º–∞–≥–∏—á–µ—Å–∫–∏–º–∏, –∫–∞–∫ —Å–∞–º–æ—Å–≤–∞–ª —Å –∫–æ–Ω—Ñ–µ—Ç–∞–º–∏.;commercial
–ö—É–ø–∏—Ç–µ –≤—Å–µ –∏–≥—Ä—É—à–∫–∏, –∏ –ø–æ–ª—É—á–∏—Ç–µ –º–æ–π –≤–Ω—É—Ç—Ä–µ–Ω–Ω–∏–π –º–∏—Ä –≤ –ø–æ–¥–∞—Ä–æ–∫!;commercial
–ö—É–ø–∏—Ç–µ —Ç–æ–≤–∞—Ä—ã –Ω–∞ —Å—É–º–º—É –æ—Ç 3000 —Ä—É–±–ª–µ–π –∏ –ø–æ–ª—É—á–∏—Ç–µ –ø–æ–¥–∞—Ä–æ–∫.;commercial
–ö—É–ø–∏ –≤—Å–µ —Ç–æ–≤–∞—Ä—ã –∏ –æ—Ç–ø—Ä–∞–≤—å—Å—è –Ω–∞ –ø–æ–∏—Å–∫–∏ —É—Ç—Ä–∞—á–µ–Ω–Ω—ã—Ö –º–µ—á—Ç.;commercial
–ó–∞–≤—Ç—Ä–∞ —è –±—É–¥—É –∂–¥–∞—Ç—å –ø–æ–µ–∑–¥–∞, –∫–æ—Ç–æ—Ä—ã–π –µ–¥–µ—Ç –Ω–∞ –∑–≤–µ–∑–¥—ã, –Ω–æ —Å–Ω–∞—á–∞–ª–∞ —Ö–æ—á—É –ø–∏—Ç—å –∫–æ—Ñ–µ.;non-commercial
–ö—É–ø–∏—Ç–µ –æ–¥–∏–Ω –∞—Ä–±—É–∑ –∏ –ø–æ–ª—É—á–∏—Ç–µ –≤—Ç–æ—Ä–æ–π ‚Äî –∏–∑ —à–æ–∫–æ–ª–∞–¥–Ω–æ–≥–æ –¥–æ–∂–¥—è.;commercial
–ù–∞ –≤—ã—Ö–æ–¥–Ω—ã—Ö —è –≥–æ—Ç–æ–≤–∏–ª –Ω–æ–≤–æ–µ –±–ª—é–¥–æ –ø–æ –∏–Ω—Ç–µ—Ä–µ—Å–Ω–æ–º—É —Ä–µ—Ü–µ–ø—Ç—É.;non-commercial
–°–ø–µ—Ü–∏–∞–ª—å–Ω–æ–µ –ø—Ä–µ–¥–ª–æ–∂–µ–Ω–∏–µ: —Ç–æ–ª—å–∫–æ —Å–µ–≥–æ–¥–Ω—è –¥–æ—Å—Ç–∞–≤–∫–∞ –∑–∞ –Ω–∞—à —Å—á–µ—Ç!;commercial
–ú—ã –ø—Ä–æ–≤–µ–ª–∏ –≤—ã—Ö–æ–¥–Ω–æ–π, –≥—É–ª—è—è –ø–æ –Ω–∞–±–µ—Ä–µ–∂–Ω–æ–π –∏ —Ñ–æ—Ç–æ–≥—Ä–∞—Ñ–∏—Ä—É—è –ø—Ä–∏—Ä–æ–¥—É.;non-commercial
–ü–æ—á–∏–Ω–∏–ª –≤–µ–ª–æ—Å–∏–ø–µ–¥, —Ç–µ–ø–µ—Ä—å –≥–æ—Ç–æ–≤ –∫ –ª–µ—Ç–Ω–∏–º –ø—Ä–æ–≥—É–ª–∫–∞–º!;non-commercial
–°–∫–∏–¥–∫–∏ –Ω–∞ —É—Å–ª—É–≥–∏ –¥–æ 50% —Ç–æ–ª—å–∫–æ —Å–µ–≥–æ–¥–Ω—è!;commercial
–ö—É–ø–∏—Ç–µ –æ–¥–Ω—É –∏ –ø–æ–ª—É—á–∏—Ç–µ –¥–≤–µ –Ω–æ—á–∏ –Ω–∞ –õ—É–Ω–µ, –≥–¥–µ —è –±—É–¥—É –≥—É–ª—è—Ç—å —Å –∫–æ—à–∫–∞–º–∏.;commercial
–ú—ã –≤—á–µ—Ä–∞ –≤—Å–µ–π —Å–µ–º—å—ë–π –∏–≥—Ä–∞–ª–∏ –≤ –±–∞–¥–º–∏–Ω—Ç–æ–Ω –Ω–∞ –¥–∞—á–µ.;non-commercial
–ú—ã –≤—á–µ—Ä–∞ –≤—Å–µ–π —Å–µ–º—å–µ–π –∏–≥—Ä–∞–ª–∏ –≤ –Ω–∞—Å—Ç–æ–ª—å–Ω—ã–µ –∏–≥—Ä—ã.;non-commercial
–Ø –Ω–∞—á–∞–ª –≤–µ—Å—Ç–∏ –¥–Ω–µ–≤–Ω–∏–∫, —á—Ç–æ–±—ã –∑–∞–ø–∏—Å—ã–≤–∞—Ç—å —Å–≤–æ–∏ –º—ã—Å–ª–∏.;non-commercial
–ú—ã –≤—á–µ—Ä–∞ –æ—Ä–≥–∞–Ω–∏–∑–æ–≤–∞–ª–∏ –±–∞—Ä–±–µ–∫—é –Ω–∞ –ø—Ä–∏—Ä–æ–¥–µ.;non-commercial
–ö—É–ø–∏ –æ–¥–Ω—É –≤–µ—â—å –∏ –ø–æ–ª—É—á–∏ —Å–∫–∏–¥–∫—É –Ω–∞ –≤—Ç–æ—Ä—É—é.;commercial
–ë–æ–ª—å—à–∞—è —Ä–∞—Å–ø—Ä–æ–¥–∞–∂–∞ —Å–ø–æ—Ä—Ç–∏–≤–Ω–æ–π –æ–¥–µ–∂–¥—ã —É–∂–µ –Ω–∞—á–∞–ª–∞—Å—å!;commercial
–£ –º–µ–Ω—è –Ω–µ—Ç –≤—Ä–µ–º–µ–Ω–∏ –Ω–∞ —Ä–µ–∞–ª—å–Ω–æ—Å—Ç—å, —è –ø—Ä–æ—Å—Ç–æ –æ—Ç–∫—Ä—ã–≤–∞—é –¥–≤–µ—Ä—å –≤ –≤–æ–æ–±—Ä–∞–∂–∞–µ–º—É—é –≤—Å–µ–ª–µ–Ω–Ω—É—é.;commercial
–Ø, –Ω–∞–≤–µ—Ä–Ω–æ–µ, —Å–ª–∏—à–∫–æ–º –º–Ω–æ–≥–æ –¥—É–º–∞–ª –æ –∫–∞—Ä—Ç–æ—à–∫–µ, –∏ —Ç–µ–ø–µ—Ä—å –æ–Ω–∞ –≤—Å—ë –≤—Ä–µ–º—è —Å–æ –º–Ω–æ–π.;commercial
–°–∫–∏–¥–∫–∏ –Ω–∞ –∫–Ω–∏–≥–∏ –¥–æ 50%! –¢–æ—Ä–æ–ø–∏—Ç–µ—Å—å!;commercial
–ê–∫—Ü–∏—è –Ω–µ–¥–µ–ª–∏: –ø—Ä–∏ –ø–æ–∫—É–ø–∫–µ —Ç—Ä—ë—Ö —Ç–æ–≤–∞—Ä–æ–≤ –æ–¥–∏–Ω –≤ –ø–æ–¥–∞—Ä–æ–∫!;commercial
–ö–∞–∂–¥—É—é –æ—Å–µ–Ω—å —è —Å–æ–±–∏—Ä–∞—é –ª–∏—Å—Ç—å—è –¥–ª—è –≥–µ—Ä–±–∞—Ä–∏—è.;non-commercial
–¢–æ–ª—å–∫–æ —Å–µ–≥–æ–¥–Ω—è: —Å–∫–∏–¥–∫–∏ –Ω–∞ —Ç–µ—Ö–Ω–∏–∫—É –¥–æ 40%.;commercial
–ü–æ–ª—É—á–∏—Ç–µ –ø–æ–¥–∞—Ä–æ–∫ –ø—Ä–∏ –ø–æ–∫—É–ø–∫–µ –æ—Ç 500 —Ä—É–±–ª–µ–π!;commercial
–ë–æ–ª—å—à–∞—è —Ä–∞—Å–ø—Ä–æ–¥–∞–∂–∞ —Ç–µ—Ö–Ω–∏–∫–∏: —Å–∫–∏–¥–∫–∏ –¥–æ 60%!;commercial
–Ø –Ω–µ–¥–∞–≤–Ω–æ –Ω–∞—É—á–∏–ª—Å—è –∏–≥—Ä–∞—Ç—å –≤ —à–∞—Ö–º–∞—Ç—ã, —ç—Ç–æ –∏–Ω—Ç–µ—Ä–µ—Å–Ω–æ.;non-commercial
–ú—ã —Å —Å–µ–º—å–µ–π –≥–æ—Ç–æ–≤–∏–º –ø—Ä–∞–∑–¥–Ω–∏—á–Ω—ã–π —É–∂–∏–Ω –∫ –ù–æ–≤–æ–º—É –≥–æ–¥—É.;non-commercial
–ö—É–ø–∏—Ç–µ –¥–≤–∞ –∏ –ø–æ–ª—É—á–∏—Ç–µ —Ç—Ä–µ—Ç–∏–π –∞–±—Å–æ–ª—é—Ç–Ω–æ –±–µ—Å–ø–ª–∞—Ç–Ω–æ!;commercial
–ú–Ω–µ –Ω—Ä–∞–≤–∏—Ç—Å—è —É—á–∏—Ç—å—Å—è –Ω–æ–≤—ã–º —Ç–µ—Ö–Ω–∏–∫–∞–º –≤ –∂–∏–≤–æ–ø–∏—Å–∏.;non-commercial
–ù–∞ –≤—ã—Ö–æ–¥–Ω—ã—Ö —è –≥–æ—Ç–æ–≤–∏–ª –ø–∏—Ä–æ–≥ –¥–ª—è —Å–≤–æ–∏—Ö –¥—Ä—É–∑–µ–π.;non-commercial
–ü–æ–ª—É—á–∏—Ç–µ –±–µ—Å–ø–ª–∞—Ç–Ω—É—é –∫–æ–Ω—Å—É–ª—å—Ç–∞—Ü–∏—é —É —é—Ä–∏—Å—Ç–∞ –Ω–∞ lawyer-help.com.;commercial
–Ø –ª—é–±–ª—é –≥—É–ª—è—Ç—å –ø–æ –ª–µ—Å—É –∏ —Ñ–æ—Ç–æ–≥—Ä–∞—Ñ–∏—Ä–æ–≤–∞—Ç—å –¥–µ—Ä–µ–≤—å—è.;non-commercial
–ü–æ–ª—É—á–∏—Ç–µ –±–æ–Ω—É—Å –Ω–∞ —Å—á—ë—Ç –ø—Ä–∏ –ø–æ–∫—É–ø–∫–µ —Ç–æ–≤–∞—Ä–æ–≤ –Ω–∞ —Å—É–º–º—É –æ—Ç 5000 —Ä—É–±–ª–µ–π.;commercial
–ú–Ω–µ –Ω—Ä–∞–≤–∏—Ç—Å—è –∫–∞—Ç–∞—Ç—å—Å—è –Ω–∞ –≤–µ–ª–æ—Å–∏–ø–µ–¥–µ –ø–æ –∑–∞–≥–æ—Ä–æ–¥–Ω—ã–º –¥–æ—Ä–æ–≥–∞–º.;non-commercial
–ù–∞ –≤—ã—Ö–æ–¥–Ω—ã—Ö –º—ã –≥—É–ª—è–ª–∏ –ø–æ —Å—Ç–∞—Ä–∏–Ω–Ω—ã–º —É–ª–æ—á–∫–∞–º –≥–æ—Ä–æ–¥–∞.;non-commercial
–ü–æ–ª—É—á–∏—Ç–µ –¥–æ–ø–æ–ª–Ω–∏—Ç–µ–ª—å–Ω—ã–µ –±–æ–Ω—É—Å—ã –∑–∞ –∫–∞–∂–¥—É—é –ø–æ–∫—É–ø–∫—É.;commercial
–ö—É–ø–∏—Ç–µ –¥–≤–∞ —Ç–æ–≤–∞—Ä–∞ –∏ –ø–æ–ª—É—á–∏—Ç–µ –¥–æ–ø–æ–ª–Ω–∏—Ç–µ–ª—å–Ω—É—é —Å–∫–∏–¥–∫—É.;commercial
–Ø –∑–∞–ø–∏—Å–∞–ª—Å—è –Ω–∞ —Ç–∞–Ω—Ü–µ–≤–∞–ª—å–Ω—ã–π –∫—É—Ä—Å, —á—Ç–æ–±—ã –Ω–∞—É—á–∏—Ç—å—Å—è –≤–∞–ª—å—Å—É.;non-commercial
–ú–Ω–µ –Ω—Ä–∞–≤–∏—Ç—Å—è –∏–∑—É—á–∞—Ç—å –Ω–æ–≤—ã–µ —è–∑—ã–∫–∏ —á–µ—Ä–µ–∑ —Ñ–∏–ª—å–º—ã –∏ –º—É–∑—ã–∫—É.;non-commercial
–Ø –Ω–µ–¥–∞–≤–Ω–æ –Ω–∞—à–µ–ª –Ω–æ–≤—ã–π —Å–µ—Ä–∏–∞–ª, –∫–æ—Ç–æ—Ä—ã–π –º–Ω–µ –æ—á–µ–Ω—å –ø–æ–Ω—Ä–∞–≤–∏–ª—Å—è.;non-commercial
–ö—É–ø–∏—Ç–µ —Ç–µ–ª–µ–≤–∏–∑–æ—Ä –∏ –ø–æ–ª—É—á–∏—Ç–µ —Å–µ—Ä—Ç–∏—Ñ–∏–∫–∞—Ç –Ω–∞ 1000 —Ä—É–±–ª–µ–π.;commercial
–ú—ã —Å —Å–µ–º—å–µ–π –¥–µ–ª–∞–ª–∏ –¥–æ–º–∞—à–Ω–∏–µ –∑–∞–≥–æ—Ç–æ–≤–∫–∏ –Ω–∞ –∑–∏–º—É.;non-commercial
–°–∫–∏–¥–∫–∏ –¥–æ 70% –Ω–∞ —ç–ª–µ–∫—Ç—Ä–æ–Ω–∏–∫—É —Ç–æ–ª—å–∫–æ —Å–µ–≥–æ–¥–Ω—è!;commercial
–°–ø–µ—Ü–∏–∞–ª—å–Ω–æ–µ –ø—Ä–µ–¥–ª–æ–∂–µ–Ω–∏–µ: –∫—É–ø–∏ –¥–≤–∞, —Ç—Ä–µ—Ç–∏–π –ø–æ–ª—É—á–∏—à—å –±–µ—Å–ø–ª–∞—Ç–Ω–æ!;commercial
–ï—Å–ª–∏ –±—ã —è –±—ã–ª –º—ã—à—å—é, —è –±—ã –ø–æ–µ—Ö–∞–ª –Ω–∞ –∫–∞—Ä—É—Å–µ–ª–∏ –ø–æ —Ö–æ–ª–æ–¥–∏–ª—å–Ω–∏–∫—É.;non-commercial
–Ø –æ–±–æ–∂–∞—é —Å–æ–±–∏—Ä–∞—Ç—å –≥—Ä–∏–±—ã –≤ –ª–µ—Å—É –æ—Å–µ–Ω—å—é.;non-commercial
–°–µ–≥–æ–¥–Ω—è —è —Ä–∞–∑–≥–æ–≤–∞—Ä–∏–≤–∞–ª —Å –æ–±–ª–∞–∫–∞–º–∏, –æ–Ω–∏ –Ω–µ –æ—á–µ–Ω—å –¥–æ–±—Ä—ã–µ, –Ω–æ —è –∏—Ö –ø–æ–Ω—è–ª.;non-commercial
–ú—ã –≤—Å–µ–π —Å–µ–º—å–µ–π —Å–º–æ—Ç—Ä–µ–ª–∏ –∑–≤–µ–∑–¥—ã —á–µ—Ä–µ–∑ —Ç–µ–ª–µ—Å–∫–æ–ø.;non-commercial
–ö—É–ø–∏—Ç–µ —Å–µ–±–µ –ø–∞—Ä—É —Ä–∞–¥—É–∂–Ω—ã—Ö –≥–∞–ª–æ—à –∏ –ø–æ–π–¥—ë–º –≤ –º–∏—Ä, –≥–¥–µ –≤—Å–µ –∫–æ—à–∫–∏ –ª–µ—Ç–∞—é—Ç.;commercial
–ü–æ–ª—É—á–∏—Ç–µ –±–µ—Å–ø–ª–∞—Ç–Ω—É—é –∫–æ–Ω—Å—É–ª—å—Ç–∞—Ü–∏—é –ø—Ä–∏ –ø–æ–∫—É–ø–∫–µ —É –Ω–∞—Å!;commercial
–Ø –ª—é–±–ª—é –∫–∞—Ç–∞—Ç—å—Å—è –Ω–∞ –∫–æ–Ω—å–∫–∞—Ö –∑–∏–º–æ–π, —ç—Ç–æ –≤–µ—Å–µ–ª–æ.;non-commercial
–Ø —Å–¥–∞–ª —ç–∫–∑–∞–º–µ–Ω –ø–æ —Ö–∞–æ—Å—É –∏ —Å–µ–π—á–∞—Å –ø–ª–∞–Ω–∏—Ä—É—é —Å—Ç–∞—Ç—å –µ–≥–æ –º–∞—Å—Ç–µ—Ä–æ–º.;non-commercial
–ö—É–ø–∏—Ç–µ –æ–¥–∏–Ω –Ω–æ—Å–æ–∫ –∏ –ø–æ–ª—É—á–∏—Ç–µ –≤—Ç–æ—Ä–æ–π ‚Äî –±–µ–∑ –ø–∞—Ä—ã, –∫–∞–∫ –∏ –≤—Å–µ –º–æ–∏ –º—ã—Å–ª–∏.;commercial
–ö—É–ø–∏—Ç–µ –Ω–∞–±–æ—Ä –ø–æ—Å—É–¥—ã –∏ –ø–æ–ª—É—á–∏—Ç–µ –ø–æ–¥–∞—Ä–æ–∫.;commercial
–Ø –Ω–µ–¥–∞–≤–Ω–æ –Ω–∞—É—á–∏–ª—Å—è –≥–æ—Ç–æ–≤–∏—Ç—å —Å—É—à–∏, —ç—Ç–æ –æ–∫–∞–∑–∞–ª–æ—Å—å –ø—Ä–æ—Å—Ç–æ.;non-commercial
–°–∫–∏–¥–∫–∞ 20% –Ω–∞ –≤–µ—Å—å –∞—Å—Å–æ—Ä—Ç–∏–º–µ–Ω—Ç –≤ –Ω–∞—à–µ–º –∏–Ω—Ç–µ—Ä–Ω–µ—Ç-–º–∞–≥–∞–∑–∏–Ω–µ! –ü–æ–¥—Ä–æ–±–Ω–µ–µ –Ω–∞ shop.com.;commercial
–¢–æ–ª—å–∫–æ –¥–æ –∫–æ–Ω—Ü–∞ –Ω–µ–¥–µ–ª–∏: —Å–∫–∏–¥–∫–∏ –Ω–∞ –≤—Å–µ —É—Å–ª—É–≥–∏ –¥–æ 30%.;commercial
–Ø –ª—é–±–ª—é —á–∏—Ç–∞—Ç—å –∫–Ω–∏–≥–∏ –≤ —Å–≤–æ–±–æ–¥–Ω–æ–µ –≤—Ä–µ–º—è.;non-commercial
–Ø –Ω–µ–¥–∞–≤–Ω–æ –æ—Ç–∫—Ä—ã–ª –¥–ª—è —Å–µ–±—è –Ω–æ–≤—É—é –∫–Ω–∏–≥—É, –æ–Ω–∞ –∑–∞–º–µ—á–∞—Ç–µ–ª—å–Ω–∞—è.;non-commercial
–ü–æ–ª—É—á–∏—Ç–µ –ø–æ–¥–∞—Ä–æ–∫ –ø—Ä–∏ –ø–æ–∫—É–ø–∫–µ –ª—é–±—ã—Ö –∞–∫—Å–µ—Å—Å—É–∞—Ä–æ–≤.;commercial
–¢–æ–ª—å–∫–æ —Å–µ–≥–æ–¥–Ω—è: –±–µ—Å–ø–ª–∞—Ç–Ω–∞—è –¥–æ—Å—Ç–∞–≤–∫–∞ –ø—Ä–∏ –∑–∞–∫–∞–∑–µ –æ—Ç 2000 —Ä—É–±–ª–µ–π.;commercial
–ù–∞ –≤—ã—Ö–æ–¥–Ω—ã—Ö —è —á–∏—Ç–∞–ª –∫–Ω–∏–≥—É –æ–± –∏—Å—Ç–æ—Ä–∏–∏ –Ω–∞—É–∫–∏.;non-commercial
–ö—É–ø–∏—Ç–µ —Å–º–∞—Ä—Ç—Ñ–æ–Ω –∏ –ø–æ–ª—É—á–∏—Ç–µ –∑–∞—â–∏—Ç–Ω–æ–µ —Å—Ç–µ–∫–ª–æ –≤ –ø–æ–¥–∞—Ä–æ–∫.;commercial
–û–≥—Ä–∞–Ω–∏—á–µ–Ω–Ω–æ–µ –ø—Ä–µ–¥–ª–æ–∂–µ–Ω–∏–µ: —Ç–æ–ª—å–∫–æ —Å–µ–≥–æ–¥–Ω—è —Å–∫–∏–¥–∫–∏ –Ω–∞ –≤—Å—ë –¥–æ 30%.;commercial
–ú—ã –≤—á–µ—Ä–∞ –∫–∞—Ç–∞–ª–∏—Å—å –Ω–∞ –ª–æ–¥–∫–µ –ø–æ —Ä–µ–∫–µ, —ç—Ç–æ –±—ã–ª–æ –Ω–µ–≤–µ—Ä–æ—è—Ç–Ω–æ!;non-commercial
–ú—ã –≤—á–µ—Ä–∞ —Å–º–æ—Ç—Ä–µ–ª–∏ –∑–∞–∫–∞—Ç —Å –≤–µ—Ä—à–∏–Ω—ã —Ö–æ–ª–º–∞.;non-commercial
–ö—É–ø–∏—Ç–µ –æ–¥–∏–Ω —Ç–æ–≤–∞—Ä, –∏ —è –æ—Ç–ø—Ä–∞–≤–ª—é –≤–∞—Å –Ω–∞ –ø–æ–∏—Å–∫–∏ –ø–æ—Ç–µ—Ä—è–Ω–Ω—ã—Ö –ø–µ–ø–µ–ª—å–Ω—ã—Ö –æ–±–ª–∞–∫–æ–≤.;commercial
–ö—É–ø–∏—Ç–µ —Ç–æ–≤–∞—Ä—ã –∏ –ø–æ–ª—É—á–∏—Ç–µ –¥–æ–ø–æ–ª–Ω–∏—Ç–µ–ª—å–Ω—ã–µ –±–æ–Ω—É—Å—ã.;commercial
–Ø –¥—É–º–∞–ª, —á—Ç–æ –≤—á–µ—Ä–∞ –≤—Å—Ç—Ä–µ—Ç–∏–ª —Ä–∞–¥—É–≥—É, –Ω–æ —ç—Ç–æ –±—ã–ª–∞ –ø—Ä–æ—Å—Ç–æ –æ—Ç—Ä–∞–∂—ë–Ω–Ω–∞—è –ø—ã–ª—å—Ü–∞.;non-commercial
–°–∫–∏–¥–∫–∏ –¥–æ 60% –Ω–∞ —Å–ø–æ—Ä—Ç–∏–≤–Ω—ã–µ —Ç–æ–≤–∞—Ä—ã!;commercial
–ú–æ–π –º–æ–∑–≥ —Ä–µ—à–∏–ª –ø–æ–µ—Ö–∞—Ç—å –≤ –æ—Ç–ø—É—Å–∫, –∞ —è –æ—Å—Ç–∞–ª—Å—è –∏—Å–∫–∞—Ç—å –∫–ª—é—á–∏.;commercial
–ú–Ω–µ –Ω—Ä–∞–≤–∏—Ç—Å—è –≥–æ—Ç–æ–≤–∏—Ç—å –Ω–æ–≤—ã–µ –±–ª—é–¥–∞ –∏–∑ —ç–∫–∑–æ—Ç–∏—á–µ—Å–∫–∏—Ö –ø—Ä–æ–¥—É–∫—Ç–æ–≤.;non-commercial
–ù–∞ –≤—ã—Ö–æ–¥–Ω—ã—Ö —è –∏–∑—É—á–∞–ª —Ñ–æ—Ç–æ–≥—Ä–∞—Ñ–∏–∏ —Å—Ç–∞—Ä–æ–≥–æ –≥–æ—Ä–æ–¥–∞.;non-commercial
–ë–æ–ª—å—à–∏–µ —Å–∫–∏–¥–∫–∏ –Ω–∞ –æ–¥–µ–∂–¥—É –∏–∑–≤–µ—Å—Ç–Ω—ã—Ö –±—Ä–µ–Ω–¥–æ–≤ –¥–æ –∫–æ–Ω—Ü–∞ –º–µ—Å—è—Ü–∞!;commercial
–£—Ç—Ä–æ–º –≥—É–ª—è–ª —Å —Å–æ–±–∞–∫–æ–π, –≤—Å—Ç—Ä–µ—Ç–∏–ª —Å—Ç–∞—Ä–æ–≥–æ –¥—Ä—É–≥–∞.;non-commercial
–í—Ä–µ–º—è –¥–ª—è –∫–æ—Ñ–µ –∏ –ø—É—Ç–µ—à–µ—Å—Ç–≤–∏—è –ø–æ –Ω–µ–∏–∑–≤–µ–¥–∞–Ω–Ω—ã–º –º–∏—Ä–∞–º. –¢–æ–≤–∞—Ä –≤ –ø–æ–¥–∞—Ä–æ–∫!;non-commercial
–ú–Ω–µ –Ω—Ä–∞–≤–∏—Ç—Å—è —Ñ–æ—Ç–æ–≥—Ä–∞—Ñ–∏—Ä–æ–≤–∞—Ç—å –ø—Ä–∏—Ä–æ–¥—É –≤–æ –≤—Ä–µ–º—è –ø—É—Ç–µ—à–µ—Å—Ç–≤–∏–π.;non-commercial
–°–∫–∏–¥–∫–∏ –¥–æ 70% –Ω–∞ –∑–∏–º–Ω—é—é –æ–¥–µ–∂–¥—É!;commercial
–¢–æ–ª—å–∫–æ —Å–µ–π—á–∞—Å: —Å–∫–∏–¥–∫–∏ –Ω–∞ –±–∏–ª–µ—Ç—ã –≤ –∫–∏–Ω–æ –¥–æ 20%.;commercial
–ö–æ–≥–¥–∞ —è –≤—ã–∫–ª—é—á–∞—é —Å–≤–µ—Ç, —Å—Ç–µ–Ω—ã –Ω–∞—á–∏–Ω–∞—é—Ç –ø–µ—Ç—å –ø–µ—Å–Ω—é, –∫–æ—Ç–æ—Ä—É—é –Ω–∏–∫—Ç–æ –Ω–µ —Å–ª—ã—à–∏—Ç.;non-commercial
–ö–∞–∂–¥—É—é –≤–µ—Å–Ω—É —è –≤—ã—Å–∞–∂–∏–≤–∞—é –≤ —Å–∞–¥—É –Ω–æ–≤—ã–µ —Ä–∞—Å—Ç–µ–Ω–∏—è.;non-commercial
–ö–∞–∂–¥–æ–µ —É—Ç—Ä–æ —è —Å–ª—É—à–∞—é –ø–æ–¥–∫–∞—Å—Ç—ã –≤–æ –≤—Ä–µ–º—è –∑–∞–≤—Ç—Ä–∞–∫–∞.;non-commercial
–¢–æ–ª—å–∫–æ —Å–µ–≥–æ–¥–Ω—è: —Å–∫–∏–¥–∫–∞ –Ω–∞ —Ç–æ–≤–∞—Ä—ã –∏ –æ–¥–Ω—É –ø–æ—Ç–µ—Ä—è–Ω–Ω—É—é –º—ã—Å–ª—å.;commercial
–ë–æ–ª—å—à–∞—è —Ä–∞—Å–ø—Ä–æ–¥–∞–∂–∞: —Å–∫–∏–¥–∫–∏ –¥–æ 70% –Ω–∞ –≤—Å–µ —Ç–æ–≤–∞—Ä—ã.;commercial
–°–∫–∏–¥–∫–∏ –¥–æ 50% –Ω–∞ –ø–æ–ø—É–ª—è—Ä–Ω—ã–µ –º–æ–¥–µ–ª–∏ —Å–º–∞—Ä—Ç—Ñ–æ–Ω–æ–≤.;commercial
–ö—É–ø–∏ —Ç–æ–≤–∞—Ä –∏ –æ—Ç–ø—Ä–∞–≤–ª—è–π—Å—è –≤ –ø–∞—Ä–∞–ª–ª–µ–ª—å–Ω—É—é –≤—Å–µ–ª–µ–Ω–Ω—É—é, –≥–¥–µ –≤—Å–µ —Ç–æ–≤–∞—Ä—ã ‚Äì —ç—Ç–æ —à–∞—Ä–∏–∫–∏.;commercial
–¢–æ–ª—å–∫–æ —Å–µ–≥–æ–¥–Ω—è: —Å–∫–∏–¥–∫–∞ –Ω–∞ —Ç–æ–≤–∞—Ä—ã –∏ –æ–¥–Ω—É –ø–æ—Ç–µ—Ä—è–Ω–Ω—É—é –º—ã—Å–ª—å.;commercial
–ü–æ–ª—É—á–∏—Ç–µ –±–µ—Å–ø–ª–∞—Ç–Ω—É—é –∫–æ–Ω—Å—É–ª—å—Ç–∞—Ü–∏—é —É —é—Ä–∏—Å—Ç–∞ –Ω–∞ lawyer-help.com.;commercial
–ù–µ –ø—Ä–æ–ø—É—Å—Ç–∏—Ç–µ! –°–∫–∏–¥–∫–∏ –Ω–∞ –≤—Å–µ —Ç–æ–≤–∞—Ä—ã –¥–æ 50%.;commercial
–ò–Ω–æ–≥–¥–∞ —è –¥—É–º–∞—é, —á—Ç–æ –¥–æ–∂–¥—å ‚Äì —ç—Ç–æ —Å–ª—ë–∑—ã –æ–±–ª–∞–∫–æ–≤, –∫–æ—Ç–æ—Ä—ã–µ –Ω–µ –º–æ–≥—É—Ç –Ω–∞–π—Ç–∏ —Å–≤–æ–∏ –Ω–æ—Å–∫–∏.;non-commercial
–¢–æ–ª—å–∫–æ —Å–µ–π—á–∞—Å: –ø—Ä–∏ –ø–æ–∫—É–ø–∫–µ –ª—é–±–æ–≥–æ —Ç–æ–≤–∞—Ä–∞ –ø–æ–ª—É—á–∏—Ç–µ –±–æ–Ω—É—Å—ã –Ω–∞ –∫–∞—Ä—Ç—É.;commercial
–ú—ã –≤—á–µ—Ä–∞ –≥–æ—Ç–æ–≤–∏–ª–∏ –Ω–æ–≤–æ–µ –±–ª—é–¥–æ –ø–æ –∏–Ω—Ç–µ—Ä–µ—Å–Ω–æ–º—É —Ä–µ—Ü–µ–ø—Ç—É.;non-commercial
–ù–∞ –≤—ã—Ö–æ–¥–Ω—ã—Ö —è —Ä–∏—Å–æ–≤–∞–ª –ø–µ–π–∑–∞–∂–∏ –≤ —Å–≤–æ–µ–π –º–∞—Å—Ç–µ—Ä—Å–∫–æ–π.;non-commercial
–ö—É–ø–∏ –º–Ω–µ –ø–∏—Ä–æ–≥, –∞ —è —Ç–µ–±–µ –≤–∑–∞–º–µ–Ω —Ä–∞—Å—Å–∫–∞–∂—É, –∫–∞–∫ —è —Å–ø–∞—Å –ø–ª–∞–Ω–µ—Ç—É –æ—Ç –∑–æ–º–±–∏.;commercial
–°–µ–≥–æ–¥–Ω—è –±—ã–ª —É–¥–∏–≤–∏—Ç–µ–ª—å–Ω—ã–π –∑–∞–∫–∞—Ç, –ø–æ–¥–µ–ª–∏–ª—Å—è —Ñ–æ—Ç–æ –≤ –±–ª–æ–≥–µ.;non-commercial
–ü–æ–ª—É—á–∏—Ç–µ –±–µ—Å–ø–ª–∞—Ç–Ω—É—é –∫–æ–Ω—Å—É–ª—å—Ç–∞—Ü–∏—é —É —é—Ä–∏—Å—Ç–∞ –Ω–∞ lawyer-help.com.;commercial
–Ø –±—ã–ª —Ç–∞–∫ –≥–æ–ª–æ–¥–µ–Ω, —á—Ç–æ —Å—ä–µ–ª –∏–¥–µ—é, –∏ —Ç–µ–ø–µ—Ä—å –æ–Ω–∞ —Å–∏–¥–∏—Ç —É –º–µ–Ω—è –≤ –∂–∏–≤–æ—Ç–µ.;non-commercial
–ù–∞ –≤—ã—Ö–æ–¥–Ω—ã—Ö –º—ã –µ–∑–¥–∏–ª–∏ –Ω–∞ —ç–∫—Å–∫—É—Ä—Å–∏—é –≤ —Å–æ—Å–µ–¥–Ω–∏–π –≥–æ—Ä–æ–¥.;non-commercial
–ü–æ–ª—É—á–∏—Ç–µ –ø–æ–¥–∞—Ä–æ–∫ –ø—Ä–∏ –ø–æ–∫—É–ø–∫–µ –ª—é–±—ã—Ö –∞–∫—Å–µ—Å—Å—É–∞—Ä–æ–≤.;commercial
–ê–∫—Ü–∏—è –¥–Ω—è: —Å–∫–∏–¥–∫–∞ 15% –Ω–∞ –≤—Å–µ —É—Å–ª—É–≥–∏.;commercial
–ö—É–ø–∏—Ç–µ —Ç–µ–ª–µ–≤–∏–∑–æ—Ä –∏ –ø–æ–ª—É—á–∏—Ç–µ 500 –±–æ–Ω—É—Å–æ–≤ –Ω–∞ –∫–∞—Ä—Ç—É.;commercial
–ú—ã –≤—á–µ—Ä–∞ —Å–ª—É—à–∞–ª–∏ –∂–∏–≤—É—é –º—É–∑—ã–∫—É –≤ –∫–∞—Ñ–µ.;non-commercial
–¢–æ–ª—å–∫–æ —Å–µ–≥–æ–¥–Ω—è: —Å–∫–∏–¥–∫–∏ –¥–æ 30% –Ω–∞ –≤—Å—ë!;commercial
–ë–æ–ª—å—à–∞—è —Ä–∞—Å–ø—Ä–æ–¥–∞–∂–∞ –±—ã—Ç–æ–≤–æ–π —Ç–µ—Ö–Ω–∏–∫–∏ —Ç–æ–ª—å–∫–æ –≤ —ç—Ç—É –ø—è—Ç–Ω–∏—Ü—É!;commercial
–ö–∞–∂–¥—É—é –≤–µ—Å–Ω—É —è —Å–∞–∂–∞—é —Ü–≤–µ—Ç—ã –≤ —Å–∞–¥—É.;non-commercial
–ù–µ —É–ø—É—Å—Ç–∏—Ç–µ —à–∞–Ω—Å! –¢–æ–≤–∞—Ä—ã —Å–æ —Å–∫–∏–¥–∫–æ–π –¥–æ 80%.;commercial
–ê–∫—Ü–∏—è –º–µ—Å—è—Ü–∞: —Å–∫–∏–¥–∫–∏ –Ω–∞ —Ç–µ—Ö–Ω–∏–∫—É –¥–æ 30%.;commercial
–ü—Ä–∏—Ö–æ–¥–∏—Ç–µ –∑–∞ —Å–∫–∏–¥–∫–∞–º–∏ –∏ –ø–æ–ª—É—á–∏—Ç–µ –Ω–µ–æ–±—ã—á–Ω–æ–µ –æ–∑–∞—Ä–µ–Ω–∏–µ!;commercial
–ï—Å–ª–∏ –±—ã —è –º–æ–≥ –±—ã—Ç—å —Å—É–ø–µ—Ä–≥–µ—Ä–æ–µ–º, —è –±—ã —Å—Ç–∞–ª –º–∏—Å—Ç–µ—Ä–æ–º –°–∫—É—á–Ω—ã–º.;commercial
–Ø –Ω–∞—á–∞–ª —É—á–∏—Ç—å —è–ø–æ–Ω—Å–∫–∏–π —è–∑—ã–∫, —ç—Ç–æ —É–≤–ª–µ–∫–∞—Ç–µ–ª—å–Ω–æ.;non-commercial
–°–µ–≥–æ–¥–Ω—è —è –ø–æ–π–¥—É –Ω–∞ –≤—Å—Ç—Ä–µ—á—É —Å –ø—É–∑—ã—Ä—è–º–∏ –∏ –±—É–¥—É –æ–±—Å—É–∂–¥–∞—Ç—å —Å –Ω–∏–º–∏ —Ñ–∏–ª–æ—Å–æ—Ñ–∏—é –¥–æ–∂–¥—è.;non-commercial
–ú–Ω–µ –Ω—Ä–∞–≤–∏—Ç—Å—è —Å–ª—É—à–∞—Ç—å –∫–ª–∞—Å—Å–∏—á–µ—Å–∫—É—é –º—É–∑—ã–∫—É –ø–µ—Ä–µ–¥ —Å–Ω–æ–º.;non-commercial
–Ø –ø–æ—Ç–µ—Ä—è–ª –≤—Ä–µ–º—è, –Ω–æ –º–Ω–µ –≤—Å—ë —Ä–∞–≤–Ω–æ, –ø–æ—Ç–æ–º—É —á—Ç–æ —Å–∫–∏–¥–∫–∏ —Ç–∞–∫–∏–µ –∫–ª–∞—Å—Å–Ω—ã–µ!;commercial
–ö–∞–∂–¥—ã–π –≤–µ—á–µ—Ä —è –≥—É–ª—è—é –≤ –ø–∞—Ä–∫–µ —Å –¥—Ä—É–∑—å—è–º–∏.;non-commercial
–ú—ã —Å –¥—Ä—É–∑—å—è–º–∏ –Ω–µ–¥–∞–≤–Ω–æ –∏–≥—Ä–∞–ª–∏ –≤ –≤–æ–ª–µ–π–±–æ–ª –Ω–∞ –ø–ª—è–∂–µ.;non-commercial
–ï—Å–ª–∏ —Ç—ã –ø–æ–π–º–∞–µ—à—å –æ–±–ª–∞–∫–æ –∑–∞ —Ö–≤–æ—Å—Ç, —Ç—ã —Å—Ç–∞–Ω–µ—à—å —Å–∞–º—ã–º –±—ã—Å—Ç—Ä—ã–º –Ω–∞ —Å–≤–µ—Ç–µ!;non-commercial
–°–µ–∑–æ–Ω–Ω—ã–µ —Å–∫–∏–¥–∫–∏ –¥–æ 80% –Ω–∞ –≤–µ—Å—å –∞—Å—Å–æ—Ä—Ç–∏–º–µ–Ω—Ç!;commercial
–°–µ–≥–æ–¥–Ω—è –±—ã–ª —É–¥–∏–≤–∏—Ç–µ–ª—å–Ω—ã–π –∑–∞–∫–∞—Ç, –ø–æ–¥–µ–ª–∏–ª—Å—è —Ñ–æ—Ç–æ –≤ –±–ª–æ–≥–µ.;non-commercial
–Ø –ª—é–±–ª—é —á–∏—Ç–∞—Ç—å –¥–µ—Ç–µ–∫—Ç–∏–≤—ã –ø–µ—Ä–µ–¥ —Å–Ω–æ–º.;non-commercial
–ö–∞–∂–¥—É—é –Ω–µ–¥–µ–ª—é —è —Å—Ç–∞—Ä–∞—é—Å—å –≥–æ—Ç–æ–≤–∏—Ç—å —á—Ç–æ-—Ç–æ –Ω–æ–≤–æ–µ.;non-commercial
–Ø –Ω–∞—á–∞–ª –∑–∞–Ω–∏–º–∞—Ç—å—Å—è –±–µ–≥–æ–º, —ç—Ç–æ –ø—Ä–∏–Ω–æ—Å–∏—Ç —É–¥–æ–≤–æ–ª—å—Å—Ç–≤–∏–µ.;non-commercial
–ù–µ –ø—Ä–æ–ø—É—Å—Ç–∏—Ç–µ! –¢–æ–ª—å–∫–æ —Å–µ–≥–æ–¥–Ω—è —Å–∫–∏–¥–∫–∏ –¥–æ 50% –Ω–∞ –≤—Å–µ —Ç–æ–≤–∞—Ä—ã.;commercial
–°–∫–∏–¥–∫–∏ –Ω–∞ –∫—É—Ö–æ–Ω–Ω—ã–µ –∞–∫—Å–µ—Å—Å—É–∞—Ä—ã –¥–æ 60%.;commercial
–ö–∞–∂–¥–æ–µ —É—Ç—Ä–æ —è –ø—å—é –∫–æ—Ñ–µ –∏ —á–∏—Ç–∞—é –Ω–æ–≤–æ—Å—Ç–∏.;non-commercial
.-.;non-commercial
–¢–æ–ª—å–∫–æ –¥–æ –∫–æ–Ω—Ü–∞ –º–µ—Å—è—Ü–∞: —Å–∫–∏–¥–∫–∏ –Ω–∞ –≤—Å–µ —Ç–æ–≤–∞—Ä—ã –¥–æ 50%!;commercial
–£—Ç—Ä–æ –ª—É—á—à–µ –≤—Å–µ–≥–æ –Ω–∞—á–∏–Ω–∞—Ç—å —Å —á–∞—à–∫–∏ –∞—Ä–æ–º–∞—Ç–Ω–æ–≥–æ –∫–æ—Ñ–µ.;non-commercial
–ü–æ–ª—É—á–∏—Ç–µ –±–µ—Å–ø–ª–∞—Ç–Ω—É—é –¥–æ—Å—Ç–∞–≤–∫—É –Ω–∞ –≤—Å–µ –∑–∞–∫–∞–∑—ã —Å–≤—ã—à–µ 1000 —Ä—É–±–ª–µ–π.;commercial
–°–∫–∏–¥–∫–∏ –¥–æ 70% –Ω–∞ —Ç–æ–≤–∞—Ä—ã –¥–ª—è —Å–ø–æ—Ä—Ç–∞ –∏ –æ—Ç–¥—ã—Ö–∞!;commercial
–¢–æ–ª—å–∫–æ —Å–µ–π—á–∞—Å: —Å–∫–∏–¥–∫–∏ –Ω–∞ —É—Å–ª—É–≥–∏ –¥–æ 50%.;commercial
–ö—É–ø–∏—Ç–µ –æ–¥–∏–Ω —Ç–æ–≤–∞—Ä –∏ –ø–æ–ª—É—á–∏—Ç–µ –ø–æ–¥–∞—Ä–æ–∫ –≤ –≤–∏–¥–µ –Ω–µ–≤–∏–¥–∏–º–æ–π —Ä–∞–¥—É–≥–∏.;commercial
–ï—Å–ª–∏ —Å–º–æ—Ç—Ä–µ—Ç—å –Ω–∞ –∑–≤–µ–∑–¥—ã, –æ–Ω–∏ –Ω–∞—á–∏–Ω–∞—é—Ç –º–æ—Ä–≥–∞—Ç—å –∏ –ø–æ–¥–º–∏–≥–∏–≤–∞—Ç—å, –º–Ω–µ –∫–∞–∂–µ—Ç—Å—è.;non-commercial
–ú—ã –≤—á–µ—Ä–∞ –∏–≥—Ä–∞–ª–∏ –≤ –Ω–∞—Å—Ç–æ–ª—å–Ω—ã–µ –∏–≥—Ä—ã, —ç—Ç–æ –±—ã–ª–æ –≤–µ—Å–µ–ª–æ.;non-commercial
–Ø –Ω–∞—á–∞–ª –∑–∞–Ω–∏–º–∞—Ç—å—Å—è —Ñ–æ—Ç–æ–≥—Ä–∞—Ñ–∏–µ–π, —ç—Ç–æ –æ—á–µ–Ω—å —É–≤–ª–µ–∫–∞—Ç–µ–ª—å–Ω–æ.;non-commercial
–í—á–µ—Ä–∞ —è –ø—Ä–∏–≥–æ—Ç–æ–≤–∏–ª –≤–∫—É—Å–Ω—ã–π —É–∂–∏–Ω –¥–ª—è –≤—Å–µ–π —Å–µ–º—å–∏.;non-commercial
–†–∞—Å–ø—Ä–æ–¥–∞–∂–∞ –º–µ–±–µ–ª–∏ —Å–æ —Å–∫–∏–¥–∫–∞–º–∏ –¥–æ 40%.;commercial
–ü—Ä–∏–æ–±—Ä–µ—Ç–∞–π—Ç–µ —Ç–æ–≤–∞—Ä—ã –∏ –ø–æ–ª—É—á–∞–π—Ç–µ –Ω–µ–æ–≥—Ä–∞–Ω–∏—á–µ–Ω–Ω—ã–µ –ø–æ–ª–Ω–æ–º–æ—á–∏—è –≤ –º–∏—Ä–µ —Å–Ω–æ–≤!;commercial
–í—á–µ—Ä–∞ —è –≤—Å—Ç—Ä–µ—á–∞–ª –±–µ–ª–∫—É, –∫–æ—Ç–æ—Ä–∞—è —Ä–∞—Å—Å–∫–∞–∑–∞–ª–∞ –º–Ω–µ, –∫–∞–∫ —Å—Ç–∞—Ç—å –º—É–¥—Ä–µ–µ, –Ω–æ —è –∑–∞–±—ã–ª.;commercial
–°–∫–∏–¥–∫–∏ –Ω–∞ —ç–ª–µ–∫—Ç—Ä–æ–Ω–∏–∫—É –¥–æ 50%.;commercial
–ú—ã —Å –¥—Ä—É–∑—å—è–º–∏ –æ—Ä–≥–∞–Ω–∏–∑–æ–≤–∞–ª–∏ –ø–∏–∫–Ω–∏–∫ –≤ –ø–∞—Ä–∫–µ.;non-commercial
–ï—Å–ª–∏ –±—ã –º–Ω–µ –ø—Ä–µ–¥–ª–æ–∂–∏–ª–∏ –≤–µ—á–Ω—É—é –∂–∏–∑–Ω—å, —è –±—ã –æ—Ç–∫–∞–∑–∞–ª—Å—è, –ø–æ—Ç–æ–º—É —á—Ç–æ –≤—Å—ë —Ä–∞–≤–Ω–æ –∑–∞–±—É–¥—É, —á—Ç–æ —Å —ç—Ç–∏–º –¥–µ–ª–∞—Ç—å.;non-commercial
–°–∫–∏–¥–∫–∏ –¥–æ 70% –Ω–∞ –≤—Å–µ —Ç–æ–≤–∞—Ä—ã –¥–ª—è –¥–æ–º–∞!;commercial
–¢–æ–ª—å–∫–æ —Å–µ–π—á–∞—Å: —Å–∫–∏–¥–∫–∏ –¥–æ 40% –Ω–∞ —Å–ø–æ—Ä—Ç–∏–≤–Ω—É—é –æ–¥–µ–∂–¥—É.;commercial
–ê–∫—Ü–∏—è –Ω–µ–¥–µ–ª–∏: –±–µ—Å–ø–ª–∞—Ç–Ω–∞—è –¥–æ—Å—Ç–∞–≤–∫–∞ –Ω–∞ –≤—Å–µ –∑–∞–∫–∞–∑—ã –æ—Ç 3000 —Ä—É–±–ª–µ–π.;commercial
–ö—É–ø–∏—Ç–µ –æ–¥–∏–Ω —Ç–æ–≤–∞—Ä, –∏ —è –æ–±–µ—â–∞—é, —á—Ç–æ —Ä–∞—Å—Å–∫–∞–∂—É –≤–∞–º –≤—Å–µ —Å–≤–æ–∏ —Å–µ–∫—Ä–µ—Ç—ã.;commercial
–û—Ñ–æ—Ä–º–∏ –ø–æ–¥–ø–∏—Å–∫—É –∏ –ø–æ–ª—É—á–∏ –±–æ–Ω—É—Å—ã –Ω–∞ —Å–ª–µ–¥—É—é—â–∏–µ –ø–æ–∫—É–ø–∫–∏.;commercial
–†–∞—Å–ø—Ä–æ–¥–∞–∂–∞ –±—ã—Ç–æ–≤–æ–π —Ç–µ—Ö–Ω–∏–∫–∏: —Å–∫–∏–¥–∫–∏ –¥–æ 50%.;commercial
–ü–æ—á–∏–Ω–∏–ª –≤–µ–ª–æ—Å–∏–ø–µ–¥, —Ç–µ–ø–µ—Ä—å –≥–æ—Ç–æ–≤ –∫ –ª–µ—Ç–Ω–∏–º –ø—Ä–æ–≥—É–ª–∫–∞–º!;non-commercial
–°–∫–∏–¥–∫–∏ –¥–æ 50% –Ω–∞ –∞–∫—Å–µ—Å—Å—É–∞—Ä—ã –¥–ª—è –≤–∞—à–µ–≥–æ –∞–≤—Ç–æ–º–æ–±–∏–ª—è.;commercial
–¢–æ–ª—å–∫–æ —Å–µ–≥–æ–¥–Ω—è: –∫—É–ø–∏—Ç–µ —Ç—Ä–∏ –∏ –ø–æ–ª—É—á–∏—Ç–µ —á–µ—Ç–≤—ë—Ä—Ç—ã–π –±–µ—Å–ø–ª–∞—Ç–Ω–æ!;commercial
:D;non-commercial
–ú–æ–π —á–∞–π–Ω–∏–∫ —Å–µ–≥–æ–¥–Ω—è —Ä–µ—à–∏–ª —Å—Ç–∞—Ç—å –ø–∏—Ä–∞—Ç–æ–º –∏ –∏—Å–∫–∞—Ç—å —Å–æ–∫—Ä–æ–≤–∏—â–∞ –≤ –º–æ–µ–π –∫—É—Ö–Ω–µ.;non-commercial
–ú—ã –≤—á–µ—Ä–∞ —Å–æ–±–∏—Ä–∞–ª–∏ –≥—Ä–∏–±—ã –≤ –ª–µ—Å—É, —ç—Ç–æ –±—ã–ª–æ –∏–Ω—Ç–µ—Ä–µ—Å–Ω–æ.;non-commercial
–Ø –Ω–∞—á–∞–ª –∏–∑—É—á–∞—Ç—å —Ñ—Ä–∞–Ω—Ü—É–∑—Å–∫–∏–π —è–∑—ã–∫, —ç—Ç–æ –∫—Ä–∞—Å–∏–≤–æ.;non-commercial
–û–≥—Ä–∞–Ω–∏—á–µ–Ω–Ω–æ–µ –ø—Ä–µ–¥–ª–æ–∂–µ–Ω–∏–µ: —Ç–æ–ª—å–∫–æ –¥–æ –∫–æ–Ω—Ü–∞ –¥–Ω—è ‚Äì —Å–∫–∏–¥–∫–∞ 20% –Ω–∞ –≤—Å—ë!;commercial
–ë–æ–ª—å—à–∞—è —Ä–∞—Å–ø—Ä–æ–¥–∞–∂–∞: —Å–∫–∏–¥–∫–∏ –¥–æ 70% –Ω–∞ –≤—Å–µ —Ç–æ–≤–∞—Ä—ã!;commercial
–ú–Ω–µ –Ω—Ä–∞–≤–∏—Ç—Å—è –∏–∑—É—á–∞—Ç—å —Å—Ç–∞—Ä–∏–Ω–Ω—ã–µ —Ä–µ—Ü–µ–ø—Ç—ã –∏ –≥–æ—Ç–æ–≤–∏—Ç—å –∏—Ö –¥–æ–º–∞.;non-commercial
–ú–Ω–µ –Ω—Ä–∞–≤–∏—Ç—Å—è —Ö–æ–¥–∏—Ç—å –Ω–∞ –ø—Ä–æ–≥—É–ª–∫–∏ —Å –º–æ–∏–º –ø—Å–æ–º.;non-commercial
–Ø –ø—Ä–æ–≤–µ–ª –≤–µ—á–µ—Ä –∑–∞ –ø—Ä–æ—Å–º–æ—Ç—Ä–æ–º —Å–≤–æ–µ–≥–æ –ª—é–±–∏–º–æ–≥–æ —Å–µ—Ä–∏–∞–ª–∞.;non-commercial
–û–≥—Ä–∞–Ω–∏—á–µ–Ω–Ω–æ–µ –ø—Ä–µ–¥–ª–æ–∂–µ–Ω–∏–µ: –∫—É–ø–∏—Ç–µ —Ç–µ–ª–µ—Ñ–æ–Ω –∏ –ø–æ–ª—É—á–∏—Ç–µ –Ω–∞—É—à–Ω–∏–∫–∏ –≤ –ø–æ–¥–∞—Ä–æ–∫.;commercial
–°–µ–≥–æ–¥–Ω—è –±—ã–ª —É–¥–∏–≤–∏—Ç–µ–ª—å–Ω—ã–π –∑–∞–∫–∞—Ç, –ø–æ–¥–µ–ª–∏–ª—Å—è —Ñ–æ—Ç–æ –≤ –±–ª–æ–≥–µ.;non-commercial
–°–∫–∏–¥–∫–∏ –Ω–∞ –∫—É—Ö–æ–Ω–Ω—É—é —Ç–µ—Ö–Ω–∏–∫—É –¥–æ 60%!;commercial
–°–µ–≥–æ–¥–Ω—è —è –ø—ã—Ç–∞–ª—Å—è –∑–∞–∫–∞–∑–∞—Ç—å –∫–æ—Ñ–µ –Ω–∞ –ú–∞—Ä—Å–µ, –Ω–æ –æ–Ω–∏ –Ω–µ –¥–æ—Å—Ç–∞–≤–ª—è—é—Ç —Ç—É–¥–∞.;non-commercial
–ê–∫—Ü–∏—è –º–µ—Å—è—Ü–∞: –ø–æ–ª—É—á–∏—Ç–µ —Å–∫–∏–¥–∫—É –Ω–∞ –≤—Å—ë –¥–æ 20%.;commercial
–Ø –Ω–∞—á–∞–ª –∑–∞–Ω–∏–º–∞—Ç—å—Å—è –∞–∫–≤–∞—Ä–µ–ª—å–Ω–æ–π –∂–∏–≤–æ–ø–∏—Å—å—é, —ç—Ç–æ –≤–¥–æ—Ö–Ω–æ–≤–ª—è–µ—Ç.;non-commercial
–ú–æ–π –∫–æ—Ç –æ–±–æ–∂–∞–µ—Ç —Å–ø–∞—Ç—å –Ω–∞ –ø–æ–¥–æ–∫–æ–Ω–Ω–∏–∫–µ, –∫–æ–≥–¥–∞ —Å–≤–µ—Ç–∏—Ç —Å–æ–ª–Ω—Ü–µ.;non-commercial
–ó–∞–±—ã–ª, —á—Ç–æ —Å–æ–±–∏—Ä–∞–ª—Å—è —Å–¥–µ–ª–∞—Ç—å, –Ω–æ —Ç–µ–ø–µ—Ä—å –º–Ω–µ –≤–∞–∂–Ω–µ–µ –Ω–∞–π—Ç–∏ —Å–≤–æ–π –ø–æ—Ç–µ—Ä—è–Ω–Ω—ã–π –Ω–æ—Å–æ–∫.;non-commercial
–ü–æ–ª—É—á–∏—Ç–µ –±–æ–Ω—É—Å –∑–∞ –∫–∞–∂–¥—É—é –ø–æ–∫—É–ø–∫—É –≤ –Ω–∞—à–µ–º –º–∞–≥–∞–∑–∏–Ω–µ!;commercial
–ö—É–ø–∏ –æ–¥–∏–Ω —Ç–æ–≤–∞—Ä, –∏ —è —Ä–∞—Å—Å–∫–∞–∂—É —Ç–µ–±–µ, –∫–∞–∫ –ø–æ–ø–∞—Å—Ç—å –≤ —Å—Ç—Ä–∞–Ω—É, –≥–¥–µ —Ö–æ–¥—è—Ç —Ç–æ–ª—å–∫–æ –∫–æ—à–∫–∏.;commercial
–ö–∞–∂–¥—É—é –æ—Å–µ–Ω—å —è —Å–æ–±–∏—Ä–∞—é –ª–∏—Å—Ç—å—è –¥–ª—è –≥–µ—Ä–±–∞—Ä–∏—è.;non-commercial
:(;non-commercial
–ë–æ–ª—å—à–∞—è —Ä–∞—Å–ø—Ä–æ–¥–∞–∂–∞ –æ–±—É–≤–∏ —Å–æ —Å–∫–∏–¥–∫–∞–º–∏ –¥–æ 50%.;commercial
–ü–æ–∫—É–ø–∞—é —Ç–æ–≤–∞—Ä –∏ –æ–∂–∏–¥–∞—é, —á—Ç–æ –∑–∞–≤—Ç—Ä–∞ –º–Ω–µ –ø—Ä–∏–ª–µ—Ç–∏—Ç –ø–æ–¥–∞—Ä–æ–∫ –æ—Ç –¥–æ–∂–¥—è.;commercial
–ü–æ—Å–µ—Ç–∏—Ç–µ –Ω–∞—à –≤–µ–±–∏–Ω–∞—Ä –ø–æ –∏–Ω–≤–µ—Å—Ç–∏—Ä–æ–≤–∞–Ω–∏—é, —Ä–µ–≥–∏—Å—Ç—Ä–∞—Ü–∏—è –Ω–∞ finance-webinar.com.;commercial
–ü–æ–ª—É—á–∏—Ç–µ –±–µ—Å–ø–ª–∞—Ç–Ω—É—é –∫–æ–Ω—Å—É–ª—å—Ç–∞—Ü–∏—é –ø–æ –≤—ã–±–æ—Ä—É —Ç–æ–≤–∞—Ä–æ–≤.;commercial
–ü–æ—Ä–∞ –∫—É–ø–∏—Ç—å –±–æ–ª—å—à–µ –∫–æ–Ω—Ñ–µ—Ç, –∞ —Ç–æ –≤–¥—Ä—É–≥ –æ–Ω–∏ –∏—Å—á–µ–∑–Ω—É—Ç, –∫–∞–∫ —á—É–¥–µ—Å–∞ –Ω–∞ —Å–≤–µ—Ç–µ.;commercial
–°–µ–≥–æ–¥–Ω—è –±—ã–ª —É–¥–∏–≤–∏—Ç–µ–ª—å–Ω—ã–π –∑–∞–∫–∞—Ç, –ø–æ–¥–µ–ª–∏–ª—Å—è —Ñ–æ—Ç–æ –≤ –±–ª–æ–≥–µ.;non-commercial
–Ø, –Ω–∞–≤–µ—Ä–Ω–æ–µ, –Ω–∞–µ–ª—Å—è –≤–æ–∑–¥—É—Ö–∞. –ß—Ç–æ –º–Ω–µ —Å —ç—Ç–∏–º –¥–µ–ª–∞—Ç—å?;non-commercial
–ù–∞ –≤—ã—Ö–æ–¥–Ω—ã—Ö —è —Å–º–æ—Ç—Ä–µ–ª –¥–æ–∫—É–º–µ–Ω—Ç–∞–ª—å–Ω—ã–π —Ñ–∏–ª—å–º –æ –ø—Ä–∏—Ä–æ–¥–µ.;non-commercial
–ü–æ–ª—É—á–∏—Ç–µ 500 –±–æ–Ω—É—Å–æ–≤ –Ω–∞ —Å—á–µ—Ç –ø—Ä–∏ –ø–µ—Ä–≤–æ–π –ø–æ–∫—É–ø–∫–µ.;commercial
–Ø —Å–µ–≥–æ–¥–Ω—è –ø–∏–ª —á–∞–π —Å –¥–æ–∂–¥—ë–º, –∞ —Ç–µ–ø–µ—Ä—å —Ö–æ—á—É –∫—É–ø–∏—Ç—å –∫–æ—à–∫—É-—Ä–æ–±–æ—Ç–∞.;non-commercial
–¢–æ–ª—å–∫–æ —Å–µ–≥–æ–¥–Ω—è: –ø—Ä–∏ –ø–æ–∫—É–ø–∫–µ –ª—é–±–æ–≥–æ –≥–∞–¥–∂–µ—Ç–∞ –ø–æ–ª—É—á–∏ —á–µ—Ö–æ–ª –≤ –ø–æ–¥–∞—Ä–æ–∫.;commercial
–û–≥—Ä–∞–Ω–∏—á–µ–Ω–Ω–æ–µ –ø—Ä–µ–¥–ª–æ–∂–µ–Ω–∏–µ: –∫—É–ø–∏ –±–æ–ª—å—à–µ ‚Äì –ø–æ–ª—É—á–∏ –±–æ–ª—å—à–µ!;commercial
–Ø –Ω–µ–¥–∞–≤–Ω–æ –ø–æ—Å–º–æ—Ç—Ä–µ–ª –∏–Ω—Ç–µ—Ä–µ—Å–Ω—ã–π —Ñ–∏–ª—å–º –æ –∫–æ—Å–º–æ—Å–µ.;non-commercial
–ù–æ–≤–∏–Ω–∫–∞! –û—Ñ–æ—Ä–º–∏—Ç–µ –ø–æ–¥–ø–∏—Å–∫—É –Ω–∞ –∂—É—Ä–Ω–∞–ª —Å–æ —Å–∫–∏–¥–∫–æ–π –Ω–∞ subs-mag.com.;commercial
–ú—ã –ø—Ä–æ–≤–µ–ª–∏ –≤–µ—á–µ—Ä –∑–∞ –Ω–∞—Å—Ç–æ–ª—å–Ω—ã–º–∏ –∏–≥—Ä–∞–º–∏.;non-commercial
üéß;non-commercial
–ú—ã –≤—á–µ—Ä–∞ —Ö–æ–¥–∏–ª–∏ –≤ –ø–∞—Ä–∫, —á—Ç–æ–±—ã –ø–æ–∫–æ—Ä–º–∏—Ç—å —É—Ç–æ–∫.;non-commercial
–†–∞—Å–ø—Ä–æ–¥–∞–∂–∞ –∫–Ω–∏–≥ —Å–æ —Å–∫–∏–¥–∫–æ–π –¥–æ 50%.;commercial
–û–≥—Ä–∞–Ω–∏—á–µ–Ω–Ω–æ–µ –ø—Ä–µ–¥–ª–æ–∂–µ–Ω–∏–µ: –∫—É–ø–∏ —Ç—Ä–∏ –∏ –ø–æ–ª—É—á–∏ –æ–¥–∏–Ω –±–µ—Å–ø–ª–∞—Ç–Ω–æ!;commercial
–ê–∫—Ü–∏—è –Ω–µ–¥–µ–ª–∏: –ø–æ–ª—É—á–∏—Ç–µ 50% —Å–∫–∏–¥–∫—É –Ω–∞ –≤—Å–µ –≤–æ—Å–ø–æ–º–∏–Ω–∞–Ω–∏—è –æ –ª–µ—Ç–Ω–∏—Ö –∫–∞–Ω–∏–∫—É–ª–∞—Ö.;commercial
–ú–Ω–µ –Ω—Ä–∞–≤–∏—Ç—Å—è —Ö–æ–¥–∏—Ç—å –Ω–∞ –≤—ã—Å—Ç–∞–≤–∫–∏ —Å–æ–≤—Ä–µ–º–µ–Ω–Ω–æ–≥–æ –∏—Å–∫—É—Å—Å—Ç–≤–∞.;non-commercial
–°–∫–∏–¥–∫–∏ –¥–æ 70% –Ω–∞ —ç–ª–µ–∫—Ç—Ä–æ–Ω–∏–∫—É –∏–∑–≤–µ—Å—Ç–Ω—ã—Ö –±—Ä–µ–Ω–¥–æ–≤.;commercial
–°–µ–≥–æ–¥–Ω—è –ø—Ä–µ–∫—Ä–∞—Å–Ω—ã–π –¥–µ–Ω—å –¥–ª—è –ø—Ä–æ–≥—É–ª–∫–∏ –≤ –ø–∞—Ä–∫–µ.;non-commercial
–ü—Ä–æ—Å—Ç–æ —Å—Ç–æ—é –Ω–∞ –∫—Ä—ã—à–µ –∏ –∂–¥—É, –∫–æ–≥–¥–∞ –ø—Ä–∏–ª–µ—Ç–∏—Ç –º–æ–π –ø–∏—Ü—Ü–∞-–¥—Ä–æ–Ω.;non-commercial
–¢–æ–ª—å–∫–æ —Å–µ–≥–æ–¥–Ω—è: —Å–∫–∏–¥–∫–∞ –Ω–∞ –≤—Å–µ —Ç–æ–≤–∞—Ä—ã –¥–æ 20%.;commercial
–¢–æ–ª—å–∫–æ —Å–µ–≥–æ–¥–Ω—è: –±–µ—Å–ø–ª–∞—Ç–Ω–∞—è –¥–æ—Å—Ç–∞–≤–∫–∞ –Ω–∞ –≤—Å–µ –∑–∞–∫–∞–∑—ã!;commercial
–ù–∞ –≤—ã—Ö–æ–¥–Ω—ã—Ö —è —Ä–∏—Å–æ–≤–∞–ª –ø–µ–π–∑–∞–∂–∏ –º–∞—Å–ª—è–Ω—ã–º–∏ –∫—Ä–∞—Å–∫–∞–º–∏.;non-commercial
–°–∫–∏–¥–∫–∞ 30% –Ω–∞ —Ç–æ–≤–∞—Ä—ã, –∫–æ—Ç–æ—Ä—ã–µ —è –∫—É–ø–ª—é –≤ –¥—Ä—É–≥–æ–π –≤—Å–µ–ª–µ–Ω–Ω–æ–π.;commercial
–Ø –Ω–µ–¥–∞–≤–Ω–æ –Ω–∞—á–∞–ª –∏–∑—É—á–∞—Ç—å –æ—Å–Ω–æ–≤—ã –ø—Ä–æ–≥—Ä–∞–º–º–∏—Ä–æ–≤–∞–Ω–∏—è.;non-commercial
–£—Ç—Ä–æ–º –≥—É–ª—è–ª —Å —Å–æ–±–∞–∫–æ–π, –≤—Å—Ç—Ä–µ—Ç–∏–ª —Å—Ç–∞—Ä–æ–≥–æ –¥—Ä—É–≥–∞.;non-commercial
–ú–Ω–µ –Ω—É–∂–Ω–æ –±–æ–ª—å—à–µ –≤–∏—Ç–∞–º–∏–Ω–æ–≤, –ø–æ—Ç–æ–º—É —á—Ç–æ —ç—Ç–æ –µ–¥–∏–Ω—Å—Ç–≤–µ–Ω–Ω–æ–µ, —á—Ç–æ —Å–ø–∞—Å—ë—Ç –º–µ–Ω—è –æ—Ç —Ñ–∞–Ω—Ç–∞–∑–∏–π.;non-commercial
–ö–∞–∂–¥—É—é –Ω–µ–¥–µ–ª—é —è —Å—Ç–∞—Ä–∞—é—Å—å –ø–æ–ø—Ä–æ–±–æ–≤–∞—Ç—å –Ω–æ–≤–æ–µ —Ö–æ–±–±–∏.;non-commercial
–≠—Ç–∏ —Å–∫–∏–¥–∫–∏ –ø—Ä–æ—Å—Ç–æ –∑–∞–ø—É—Ç–∞–ª–∏ –º–µ–Ω—è, –∫–∞–∫ –ø–∞—É—Ç–∏–Ω–∞ –≤ –¥–µ—Ç—Å–∫–æ–π –∏–≥—Ä—É—à–∫–µ.;commercial
–Ø –Ω–∞—á–∞–ª –∏–∑—É—á–∞—Ç—å –∏—Å—Ç–æ—Ä–∏—é –∏—Å–∫—É—Å—Å—Ç–≤–∞, —ç—Ç–æ –æ—á–µ–Ω—å —É–≤–ª–µ–∫–∞—Ç–µ–ª—å–Ω–æ.;non-commercial
–°–ø–µ—Ü–∏–∞–ª—å–Ω–æ–µ –ø—Ä–µ–¥–ª–æ–∂–µ–Ω–∏–µ: –∫—É–ø–∏—Ç–µ –¥–≤–∞ —Ç–æ–≤–∞—Ä–∞, –∞ —Ç—Ä–µ—Ç–∏–π –ø–æ–ª—É—á–∏—Ç–µ –±–µ—Å–ø–ª–∞—Ç–Ω–æ.;commercial
–Ø –ø–ª–∞–Ω–∏—Ä—É—é –ø–æ–ø—Ä–æ–±–æ–≤–∞—Ç—å –Ω–æ–≤–æ–µ —Ö–æ–±–±–∏ ‚Äì –∫–µ—Ä–∞–º–∏–∫—É.;non-commercial
–ù–µ –∑–Ω–∞—é, —á—Ç–æ –ø—Ä–æ–∏—Å—Ö–æ–¥–∏—Ç, –Ω–æ —Å–∫–∏–¥–∫–∏ –ø—Ä–æ—Å—Ç–æ –ø–æ—Ç—Ä—è—Å–∞—é—â–∏–µ, –∫–∞–∫ —Ñ–µ–∏ –Ω–∞ –æ–±–ª–∞–∫–∞—Ö.;non-commercial
–ö–∞–∂–¥—É—é –Ω–µ–¥–µ–ª—é —è –∏–≥—Ä–∞—é –≤ —à–∞—Ö–º–∞—Ç—ã —Å –¥—Ä—É–∑—å—è–º–∏.;non-commercial
–ú–æ—è –∫–æ—à–∫–∞ –Ω–∞–ø–∏—Å–∞–ª–∞ –º–Ω–µ –ø–∏—Å—å–º–æ, –Ω–æ –æ–Ω–æ –±—ã–ª–æ –Ω–∞ —è–∑—ã–∫–µ –æ–±–ª–∞–∫–æ–≤.;commercial
–ú—ã –≤—á–µ—Ä–∞ –≥–æ—Ç–æ–≤–∏–ª–∏ –ø–∏—Ü—Ü—É –≤—Å–µ–π —Å–µ–º—å–µ–π, –ø–æ–ª—É—á–∏–ª–æ—Å—å –≤–∫—É—Å–Ω–æ!;non-commercial
–°–µ–≥–æ–¥–Ω—è –Ω–æ—á—å—é —è —É–±–µ–≥–∞—é –æ—Ç —á–∞—Å–æ–≤, –æ–Ω–∏ –º–µ–Ω—è –ø—É–≥–∞—é—Ç.;commercial
–¢–æ–ª—å–∫–æ —Å–µ–π—á–∞—Å: —Å–∫–∏–¥–∫–∏ –¥–æ 40% –Ω–∞ —Ç–æ–≤–∞—Ä—ã –¥–ª—è –∫—É—Ö–Ω–∏.;commercial
–†–µ–∫–ª–∞–º–∞/–°–æ—Ç—Ä—É–¥–Ω–∏—á–µ—Å—Ç–≤–æ - –æ–±—Ä–∞—â–∞—Ç—å—Å—è –≤ –õ–°;commercial
–Ø –ª—é–±–ª—é –≥–æ—Ç–æ–≤–∏—Ç—å –¥–µ—Å–µ—Ä—Ç—ã, –æ—Å–æ–±–µ–Ω–Ω–æ —Ç–æ—Ä—Ç—ã.;non-commercial
–ö—É–ø–∏—Ç–µ –Ω–æ–≤—ã–π —Å–º–∞—Ä—Ç—Ñ–æ–Ω –ø–æ –≤—ã–≥–æ–¥–Ω–æ–π —Ü–µ–Ω–µ –Ω–∞ —Å–∞–π—Ç–µ example.com!;commercial
–ö—É–ø–∏—Ç–µ –Ω–∞—à –Ω–æ–≤—ã–π –ø—Ä–æ–¥—É–∫—Ç –∏ –ø–æ–ª—É—á–∏—Ç–µ —Å–∫–∏–¥–∫—É 20%!;commercial
–ë–æ–ª—å—à–∞—è —Ä–∞—Å–ø—Ä–æ–¥–∞–∂–∞ –æ–¥–µ–∂–¥—ã –¥–ª—è –≤—Å–µ–π —Å–µ–º—å–∏.;commercial
–ö–∞–∂–¥—É—é –≤–µ—Å–Ω—É —è –Ω–∞—á–∏–Ω–∞—é –∑–∞–Ω–∏–º–∞—Ç—å—Å—è —Å–∞–¥–æ–≤–æ–¥—Å—Ç–≤–æ–º.;non-commercial
–ë–æ–ª—å—à–∞—è —Ä–∞—Å–ø—Ä–æ–¥–∞–∂–∞ –∫—É—Ö–æ–Ω–Ω–æ–π –ø–æ—Å—É–¥—ã —É–∂–µ –Ω–∞—á–∞–ª–∞—Å—å!;commercial
:);non-commercial
–ö—É–ø–∏—Ç–µ –Ω–æ—É—Ç–±—É–∫ –∏ –ø–æ–ª—É—á–∏—Ç–µ —Å—É–º–∫—É –≤ –ø–æ–¥–∞—Ä–æ–∫.;commercial
–ï—Å–ª–∏ —Ç—ã –Ω–µ –≤–∏–¥–∏—à—å –º–æ—é —Ä–∞–¥—É–≥—É, —ç—Ç–æ –Ω–µ –∑–Ω–∞—á–∏—Ç, —á—Ç–æ –æ–Ω–∞ –Ω–µ —Å—É—â–µ—Å—Ç–≤—É–µ—Ç.;commercial
–ü–æ—Å–µ—Ç–∏—Ç–µ –Ω–∞—à –≤–µ–±–∏–Ω–∞—Ä –ø–æ –∏–Ω–≤–µ—Å—Ç–∏—Ä–æ–≤–∞–Ω–∏—é, —Ä–µ–≥–∏—Å—Ç—Ä–∞—Ü–∏—è –Ω–∞ finance-webinar.com.;commercial
–¢–æ–ª—å–∫–æ —Å–µ–≥–æ–¥–Ω—è: –∫—É–ø–∏—Ç–µ —Å–º–∞—Ä—Ç—Ñ–æ–Ω –∏ –ø–æ–ª—É—á–∏—Ç–µ —á–µ—Ö–æ–ª –±–µ—Å–ø–ª–∞—Ç–Ω–æ.;commercial
